usuario,contrasena,nombre,correo,paisOrigen,necesidadesEspecialesEducación,genero,estadoCivil,prestamo,beca,desplazado
ode0,yin33!!uS,Octavius De Ruggero,ode0@edu.com,Portugal,No,Masculino,Soltero,No,No,Si
sodeson1,dwn80*Quf,Staffard Odeson,sodeson1@edu.com,Portugal,No,Masculino,Soltero,No,No,Si
owithur2,nnl89v_yJV,Olivero Withur,owithur2@edu.com,Portugal,No,Masculino,Soltero,No,No,Si
spartener3,mie79,Stanfield Partener,spartener3@edu.com,Portugal,No,Femenino,Soltero,No,No,Si
ktindley4,vbw05Ci,Kristi Tindley,ktindley4@edu.com,Portugal,No,Femenino,Casado,No,No,No
efyldes5,oba29k*A,Elissa Fyldes,efyldes5@edu.com,Portugal,No,Masculino,Casado,Si,No,No
kgowenlock6,qra00,Kaiser Gowenlock,kgowenlock6@edu.com,Portugal,No,Femenino,Soltero,No,Si,Si
kcattermull7,uhh88uE5il,Kordula Cattermull,kcattermull7@edu.com,Portugal,No,Masculino,Soltero,No,No,Si
zbeckey8,jac699YZ,Zacharie Beckey,zbeckey8@edu.com,Rumania,No,Femenino,Soltero,No,Si,No
sshambroke9,ymp271,Sisely Shambroke,sshambroke9@edu.com,Portugal,No,Femenino,Soltero,Si,No,Si
lschimonia,ktb24sB4,Lettie Schimoni,lschimonia@edu.com,Portugal,No,Femenino,Soltero,No,No,Si
cdhoogheb,"fiy43""",Carin D'Hooghe,cdhoogheb@edu.com,Portugal,No,Femenino,Soltero,No,Si,Si
arupertic,uou999H,Alexina Ruperti,arupertic@edu.com,Portugal,No,Femenino,Soltero,No,No,Si
fmahaddyd,xlx69hMZt,Francisco Mahaddy,fmahaddyd@edu.com,Portugal,No,Femenino,Soltero,No,Si,Si
omaynee,"lrl43Q,<",Osbourn Mayne,omaynee@edu.com,Portugal,No,Femenino,Soltero,No,Si,Si
growlandf,wpq20w,Gwenore Rowland,growlandf@edu.com,Portugal,No,Femenino,Soltero,No,No,Si
dsparwayg,cjm18,Drucill Sparway,dsparwayg@edu.com,Portugal,No,Femenino,Soltero,No,No,Si
cheindleh,gad52,Cazzie Heindle,cheindleh@edu.com,Portugal,No,Femenino,Soltero,No,No,Si
lboulsheri,ksw429,Lavina Boulsher,lboulsheri@edu.com,Portugal,No,Femenino,Soltero,No,No,Si
qblacksellj,tga64,Quinn Blacksell,qblacksellj@edu.com,Portugal,No,Femenino,Soltero,No,No,Si
dreasonk,bwg07EvT,Duky Reason,dreasonk@edu.com,Portugal,No,Femenino,Soltero,No,Si,No
mbloodworthl,ety717TFy,Miguel Bloodworth,mbloodworthl@edu.com,Portugal,No,Femenino,Soltero,No,No,Si
pmityushkinm,cqt283bO@,Parnell Mityushkin,pmityushkinm@edu.com,Portugal,No,Femenino,Soltero,No,No,Si
ctookeyn,ixe91&A7,Cayla Tookey,ctookeyn@edu.com,Portugal,No,Femenino,Soltero,No,Si,Si
jstentono,udc36p,Joyous Stenton,jstentono@edu.com,Portugal,No,Femenino,Soltero,No,No,No
lhollyarp,"ney75,bIB",Leicester Hollyar,lhollyarp@edu.com,Portugal,No,Femenino,Soltero,Si,Si,Si
kloitertonq,nzo13,Karina Loiterton,kloitertonq@edu.com,Portugal,No,Femenino,Soltero,No,No,Si
vwinfieldr,ftp71,Vergil Winfield,vwinfieldr@edu.com,Portugal,No,Femenino,Soltero,No,No,Si
skurtiss,cdm51w,Storm Kurtis,skurtiss@edu.com,Portugal,No,Femenino,Soltero,No,No,Si
rsteartt,bwv67X1EWg,Rosana Steart,rsteartt@edu.com,Portugal,No,Masculino,Soltero,No,No,Si
srosbothamu,yqw05Lw3*,Salim Rosbotham,srosbothamu@edu.com,Portugal,No,Masculino,Soltero,No,No,No
pmcneillyv,wyf29vS4f,Petunia McNeilly,pmcneillyv@edu.com,Portugal,No,Masculino,Soltero,No,No,Si
kionw,fzr55,Kipper Ion,kionw@edu.com,Portugal,No,Masculino,Soltero,No,No,No
ecaulcuttx,iln19a/2,Elwyn Caulcutt,ecaulcuttx@edu.com,Portugal,No,Femenino,Soltero,No,No,Si
sgrovehamy,ikn18,Sinclair Groveham,sgrovehamy@edu.com,Portugal,No,Masculino,Soltero,No,No,No
jmclachlanz,lbx47<Lb,Jdavie McLachlan,jmclachlanz@edu.com,Portugal,No,Masculino,Soltero,Si,No,No
frase10,adb85b`ij,Francklin Rase,frase10@edu.com,Portugal,No,Masculino,Soltero,No,No,Si
lbaggaley11,seb58d{,Lotti Baggaley,lbaggaley11@edu.com,Portugal,No,Femenino,Soltero,No,No,No
gbrymner12,jot753,Gonzales Brymner,gbrymner12@edu.com,Portugal,No,Femenino,Divorciado,No,No,Si
kepgrave13,fue58,Katinka Epgrave,kepgrave13@edu.com,España,No,Femenino,Soltero,Si,No,No
abullard14,qgi62/P,Aldin Bullard,abullard14@edu.com,Portugal,No,Femenino,Soltero,Si,No,No
btrencher15,dxh79C\pq,Bradan Trencher,btrencher15@edu.com,Portugal,No,Femenino,Soltero,No,No,Si
gmacilhench16,jhk83`5,Giacinta Macilhench,gmacilhench16@edu.com,Portugal,Si,Femenino,Soltero,No,No,Si
ehaycraft17,pno11O@nd,Everett Haycraft,ehaycraft17@edu.com,Portugal,No,Femenino,Soltero,No,No,No
myoselevitch18,cvy33gyR,Monti Yoselevitch,myoselevitch18@edu.com,Portugal,No,Femenino,Soltero,No,No,No
mleasor19,"pzr53g,@G",Martita Leasor,mleasor19@edu.com,Portugal,No,Femenino,Soltero,No,No,No
nludgrove1a,iff91ZdV<,Nels Ludgrove,nludgrove1a@edu.com,Portugal,No,Femenino,Soltero,No,No,Si
avon1b,tsl96Bb0us,Aidan Von Salzberg,avon1b@edu.com,Portugal,No,Femenino,Soltero,No,Si,Si
areville1c,ajz95.g,Amii Reville,areville1c@edu.com,Portugal,No,Femenino,Soltero,No,Si,No
rsmallsman1d,pqt92s3,Ree Smallsman,rsmallsman1d@edu.com,Portugal,No,Femenino,Soltero,No,Si,No
ssarjeant1e,aju91,Stevie Sarjeant,ssarjeant1e@edu.com,Portugal,No,Femenino,Soltero,No,Si,No
hlabb1f,"wcb52+F,",Hettie Labb,hlabb1f@edu.com,Portugal,No,Femenino,Soltero,No,Si,Si
mshurlock1g,"cqi10""68",Malory Shurlock,mshurlock1g@edu.com,Portugal,No,Femenino,Soltero,No,Si,Si
gdavidi1h,pgh63(+nAm,Gery Davidi,gdavidi1h@edu.com,Portugal,No,Femenino,Soltero,No,No,No
rnendick1i,ndg36,Robinet Nendick,rnendick1i@edu.com,Portugal,No,Femenino,Soltero,No,No,No
jsinnett1j,xht73C,Jeniece Sinnett,jsinnett1j@edu.com,Portugal,No,Femenino,Soltero,No,No,Si
rhabbes1k,sgs19,Royal Habbes,rhabbes1k@edu.com,Portugal,No,Femenino,Casado,No,No,No
dbrookesbie1l,voe47h,Dominga Brookesbie,dbrookesbie1l@edu.com,Portugal,No,Femenino,Soltero,No,No,Si
dsoares1m,ism743,Dacey Soares,dsoares1m@edu.com,Portugal,No,Femenino,Soltero,No,No,Si
fflanne1n,seh53',Franky Flanne,fflanne1n@edu.com,Portugal,No,Femenino,Soltero,No,No,Si
jpadkin1o,kxu39r5QUK,Jenilee Padkin,jpadkin1o@edu.com,Portugal,No,Femenino,Soltero,No,No,No
goleszkiewicz1p,mzm26$y$6,Gillie Oleszkiewicz,goleszkiewicz1p@edu.com,Portugal,No,Femenino,Soltero,No,Si,No
benric1q,ksz74dy$r,Bo Enric,benric1q@edu.com,Portugal,No,Masculino,Soltero,No,Si,Si
cdegli1r,bjr10`l)Y,Caroline Degli Antoni,cdegli1r@edu.com,Portugal,No,Masculino,Soltero,No,No,Si
sadanet1s,vdm41A(`,Sayre Adanet,sadanet1s@edu.com,Portugal,No,Masculino,Soltero,No,No,No
rrosedale1t,dzu72}\W,Rebekah Rosedale,rrosedale1t@edu.com,Portugal,No,Masculino,Divorciado,No,No,Si
lservant1u,htp87a,Lynnett Servant,lservant1u@edu.com,Portugal,No,Masculino,Soltero,No,Si,Si
bgrabham1v,jbi29,Blinny Grabham,bgrabham1v@edu.com,Portugal,No,Masculino,Soltero,No,No,Si
lmackerley1w,oqv72\1jeQ,Lucina MacKerley,lmackerley1w@edu.com,Portugal,No,Masculino,Soltero,Si,No,No
hdowling1x,svw72Z&4,Horst Dowling,hdowling1x@edu.com,Portugal,No,Masculino,Soltero,No,No,No
bteasdalemarkie1y,hef150,Beniamino Teasdale-Markie,bteasdalemarkie1y@edu.com,Portugal,No,Masculino,Soltero,No,No,No
nmasson1z,xio97}_X9,Nevin Masson,nmasson1z@edu.com,Portugal,No,Masculino,Soltero,No,No,No
dpiccard20,swn49us,Demeter Piccard,dpiccard20@edu.com,Portugal,No,Masculino,Soltero,No,No,Si
fpaskin21,"oid05""I9I*",Faber Paskin,fpaskin21@edu.com,Portugal,No,Masculino,Soltero,No,No,Si
dthow22,qpy37`j)?,Debby Thow,dthow22@edu.com,Portugal,No,Masculino,Soltero,No,No,Si
wwoolger23,iox27_~V'#,Waneta Woolger,wwoolger23@edu.com,Portugal,No,Masculino,Soltero,Si,No,Si
mriolfi24,"flb84%,",Morgan Riolfi,mriolfi24@edu.com,Portugal,No,Masculino,Soltero,No,Si,Si
hfitzsimons25,cxn57kE,Hedi Fitzsimons,hfitzsimons25@edu.com,Portugal,No,Masculino,Soltero,Si,Si,Si
hdavydochkin26,kli44vBrn,Hermon Davydochkin,hdavydochkin26@edu.com,Portugal,No,Masculino,Soltero,No,Si,No
lbaugham27,"xwx07,h`R4",Lynea Baugham,lbaugham27@edu.com,Portugal,No,Masculino,Casado,No,No,No
adudmarsh28,koj04<,Ania Dudmarsh,adudmarsh28@edu.com,Portugal,No,Masculino,Soltero,No,No,Si
csalmons29,sat90KjI+,Claiborn Salmons,csalmons29@edu.com,Portugal,No,Masculino,Soltero,No,No,Si
iparnell2a,jkf94FVl'O,Inna Parnell,iparnell2a@edu.com,Portugal,No,Masculino,Soltero,Si,No,No
ttoppin2b,mtf34}f,Tedd Toppin,ttoppin2b@edu.com,Portugal,No,Masculino,Soltero,No,No,No
gclevely2c,slm85strk{,Gwenni Clevely,gclevely2c@edu.com,Portugal,No,Femenino,Casado,No,No,Si
kmcleman2d,ydv390z,Kat McLeman,kmcleman2d@edu.com,Portugal,No,Femenino,Soltero,No,Si,Si
erolston2e,mxz3411!,Elyssa Rolston,erolston2e@edu.com,Portugal,No,Femenino,Soltero,No,Si,No
sfoister2f,vrb02F,Saw Foister,sfoister2f@edu.com,Portugal,No,Masculino,Soltero,No,No,Si
dhamley2g,yvz45Al,Dwight Hamley,dhamley2g@edu.com,Portugal,No,Masculino,Soltero,No,No,Si
hyezafovich2h,hra21E,Hershel Yezafovich,hyezafovich2h@edu.com,Portugal,No,Masculino,Soltero,Si,No,Si
deallis2i,wrn05wwO8,Deina Eallis,deallis2i@edu.com,Portugal,No,Masculino,Soltero,No,No,No
detherson2j,nvp24\=TL,Del Etherson,detherson2j@edu.com,Brasil,No,Femenino,Soltero,No,No,Si
jtaffurelli2k,kxj20u0S/=,Janot Taffurelli,jtaffurelli2k@edu.com,Brasil,No,Femenino,Soltero,No,No,No
tmenaul2l,pjc81$a,Torie Menaul,tmenaul2l@edu.com,Portugal,No,Femenino,Casado,No,No,No
devemy2m,vma95<JAJS,Domenico Evemy,devemy2m@edu.com,Portugal,No,Femenino,Casado,No,No,No
jlatch2n,tbh97{hos,Jemmy Latch,jlatch2n@edu.com,Santo Tomé y Principe,No,Masculino,Soltero,No,No,Si
gheinz2o,ktg69Qq,Glyn Heinz,gheinz2o@edu.com,Portugal,No,Femenino,Soltero,No,No,Si
ldanev2p,gyo17,Lucinda Danev,ldanev2p@edu.com,Portugal,No,Femenino,Soltero,No,Si,Si
ccuerda2q,dfc18@%<4,Clara Cuerda,ccuerda2q@edu.com,Portugal,No,Femenino,Soltero,No,No,Si
scordery2r,yjx94,Stella Cordery,scordery2r@edu.com,Portugal,No,Femenino,Soltero,Si,No,Si
koliverpaull2s,ptv61)vN?k,Kenna Oliver-Paull,koliverpaull2s@edu.com,Portugal,No,Femenino,Soltero,No,No,No
abethel2t,rta26sx,Archambault Bethel,abethel2t@edu.com,Portugal,No,Femenino,Soltero,No,No,Si
sbarrass2u,woq32XmbA,Smith Barrass,sbarrass2u@edu.com,Portugal,No,Femenino,Casado,No,No,Si
edabernott2v,tcj07R,Eadmund Dabernott,edabernott2v@edu.com,Portugal,No,Femenino,Divorciado,No,No,No
nchilton2w,jxv46E9B&,Norma Chilton,nchilton2w@edu.com,Portugal,No,Femenino,Soltero,No,No,Si
srubenov2x,pjp108~rF,Simon Rubenov,srubenov2x@edu.com,Portugal,No,Femenino,Soltero,Si,No,No
opedden2y,owa90p),Osmond Pedden,opedden2y@edu.com,Portugal,No,Femenino,Soltero,No,No,Si
rkleiser2z,jga71g~#,Robinson Kleiser,rkleiser2z@edu.com,Portugal,No,Femenino,Soltero,No,No,Si
mhalgarth30,dwc66GtZf),Mariam Halgarth,mhalgarth30@edu.com,Portugal,No,Femenino,Soltero,No,No,Si
gfavey31,ctm794e>_!,Genovera Favey,gfavey31@edu.com,Portugal,No,Femenino,Soltero,No,No,Si
nbolderoe32,rfg97LZ0M,Niven Bolderoe,nbolderoe32@edu.com,Portugal,No,Femenino,Soltero,No,No,Si
bbremmer33,wrj00W=Hk,Briana Bremmer,bbremmer33@edu.com,Portugal,No,Femenino,Soltero,No,Si,Si
dlippiello34,"enm26,r{`!",Dayle Lippiello,dlippiello34@edu.com,Portugal,No,Femenino,Soltero,No,No,Si
lboothjarvis35,rek25J,Laurie Booth-Jarvis,lboothjarvis35@edu.com,Portugal,No,Femenino,Soltero,No,No,Si
mquakley36,ohm68!!,Marabel Quakley,mquakley36@edu.com,Portugal,No,Femenino,Soltero,No,No,Si
daleksidze37,kkv54j,Doy Aleksidze,daleksidze37@edu.com,Portugal,No,Femenino,Soltero,No,No,No
bcarabine38,zep38SvKYa,Bren Carabine,bcarabine38@edu.com,Portugal,No,Femenino,Soltero,No,Si,Si
rbonnesen39,"kpr632,u",Rose Bonnesen,rbonnesen39@edu.com,Portugal,No,Femenino,Soltero,No,No,No
kminshall3a,zlm06d#,Kylie Minshall,kminshall3a@edu.com,Portugal,No,Femenino,Soltero,No,No,No
scoggins3b,ikr09\RZE5,Sutherlan Coggins,scoggins3b@edu.com,Portugal,No,Femenino,Soltero,No,No,No
lvannozzii3c,pxx861_,Libbey Vannozzii,lvannozzii3c@edu.com,Portugal,No,Femenino,Soltero,No,No,Si
awareham3d,rxf63Te,Allen Wareham,awareham3d@edu.com,Portugal,No,Femenino,Soltero,No,No,Si
wpotteridge3e,znx72Gy~,Wilbert Potteridge,wpotteridge3e@edu.com,Portugal,No,Femenino,Soltero,No,No,No
rguilaem3f,xde54S,Ronna Guilaem,rguilaem3f@edu.com,Portugal,No,Femenino,Soltero,No,Si,No
emcilory3g,pub78Sf,Evita McIlory,emcilory3g@edu.com,Portugal,No,Femenino,Soltero,No,No,Si
nbinton3h,fyx47K,Neely Binton,nbinton3h@edu.com,Portugal,No,Femenino,Soltero,No,No,Si
pcroysdale3i,kpo41E6L\%,Payton Croysdale,pcroysdale3i@edu.com,Portugal,No,Femenino,Soltero,No,No,Si
rcrumley3j,utt54,Reine Crumley,rcrumley3j@edu.com,Portugal,No,Femenino,Soltero,No,Si,Si
acutford3k,tmn43>U0R,Antonio Cutford,acutford3k@edu.com,Portugal,No,Femenino,Soltero,No,No,Si
gdeverick3l,vqj83/%.!,Gerhardine Deverick,gdeverick3l@edu.com,Portugal,No,Femenino,Soltero,No,No,Si
molekhov3m,csx93szt_Y,Michaelina Olekhov,molekhov3m@edu.com,Portugal,No,Femenino,Soltero,No,Si,Si
gorbine3n,yas24,Gaven Orbine,gorbine3n@edu.com,Portugal,No,Femenino,Soltero,No,No,Si
dshoutt3o,kko30MjYk,Durante Shoutt,dshoutt3o@edu.com,Portugal,No,Femenino,Soltero,No,No,Si
gwhacket3p,eod47WnnK,Giselbert Whacket,gwhacket3p@edu.com,Portugal,No,Femenino,Soltero,No,No,Si
rsymes3q,znl59w>9,Rudyard Symes,rsymes3q@edu.com,Portugal,No,Femenino,Soltero,No,No,No
efurse3r,mlw49*>`~Y,Eal Furse,efurse3r@edu.com,Portugal,No,Femenino,Soltero,Si,Si,No
xpettit3s,pmt40q\&=O,Xena Pettit,xpettit3s@edu.com,Portugal,No,Femenino,Soltero,No,No,Si
egirardey3t,aeb10%$',Effie Girardey,egirardey3t@edu.com,Portugal,No,Femenino,Soltero,Si,Si,No
phanselmann3u,sht34hp/o~,Paulo Hanselmann,phanselmann3u@edu.com,Portugal,No,Femenino,Soltero,No,Si,No
bblaschek3v,"uua62k""tYX",Brock Blaschek,bblaschek3v@edu.com,Portugal,No,Femenino,Soltero,No,No,No
amackomb3w,xki58?j@T,Al MacKomb,amackomb3w@edu.com,Portugal,No,Femenino,Soltero,No,No,Si
lhammett3x,"lam545""",Lay Hammett,lhammett3x@edu.com,Portugal,No,Femenino,Soltero,No,Si,Si
mmordaunt3y,zrv99_M$un,Merline Mordaunt,mmordaunt3y@edu.com,Portugal,No,Femenino,Soltero,Si,No,Si
sbantick3z,brh49,Salmon Bantick,sbantick3z@edu.com,Portugal,No,Femenino,Soltero,No,Si,Si
bgrima40,foe68aI(I,Barrett Grima,bgrima40@edu.com,Portugal,No,Femenino,Soltero,No,Si,Si
cdomange41,qeo51{|hb,Cletus Domange,cdomange41@edu.com,Portugal,No,Femenino,Soltero,No,Si,Si
lstrowther42,kyh18_we&,Lonni Strowther,lstrowther42@edu.com,Portugal,No,Femenino,Soltero,No,No,Si
dzottoli43,owa56Mo>,Devy Zottoli,dzottoli43@edu.com,Portugal,No,Femenino,Soltero,No,No,Si
grydings44,sqp85,Glynis Rydings,grydings44@edu.com,Portugal,No,Femenino,Soltero,No,No,No
kparratt45,imk89fr\,Kelsi Parratt,kparratt45@edu.com,Portugal,No,Femenino,Soltero,No,Si,No
sperassi46,pyr92(,Shelli Perassi,sperassi46@edu.com,Portugal,No,Femenino,Soltero,No,No,Si
rewer47,rwn81.m,Ram Ewer,rewer47@edu.com,Portugal,No,Femenino,Soltero,No,No,No
htanfield48,efa46Vc,Hew Tanfield,htanfield48@edu.com,Portugal,No,Femenino,Soltero,No,No,Si
kgemeau49,dah349EAHT,Klara Gemeau,kgemeau49@edu.com,Portugal,No,Femenino,Soltero,No,No,Si
ebuglar4a,qnc66m=,Eugenie Buglar,ebuglar4a@edu.com,Portugal,No,Femenino,Soltero,No,No,Si
lwinfred4b,tex63(i,Lolita Winfred,lwinfred4b@edu.com,Portugal,No,Femenino,Soltero,No,No,No
bailmer4c,zkd99&$},Bella Ailmer,bailmer4c@edu.com,Portugal,No,Femenino,Soltero,No,Si,No
rsuter4d,lne68`aKl,Rurik Suter,rsuter4d@edu.com,Portugal,No,Femenino,Soltero,No,Si,Si
jomannion4e,mcf25a>`z,Julieta O'Mannion,jomannion4e@edu.com,Portugal,No,Femenino,Soltero,No,No,Si
ballington4f,emk54JHO,Brand Allington,ballington4f@edu.com,Portugal,No,Femenino,Soltero,No,Si,No
siddiens4g,rex66@6>w?,Sherwood Iddiens,siddiens4g@edu.com,Portugal,No,Femenino,Soltero,No,No,No
wricioppo4h,yxf00`(,Wolfie Ricioppo,wricioppo4h@edu.com,Portugal,No,Femenino,Soltero,No,Si,Si
cpendlington4i,mva32{>io(,Consuelo Pendlington,cpendlington4i@edu.com,Portugal,No,Femenino,Soltero,No,No,Si
lmenloe4j,lpn56@o9d#,Latrina Menloe,lmenloe4j@edu.com,Portugal,No,Femenino,Soltero,No,No,Si
ccristobal4k,bza33G,Cariotta Cristobal,ccristobal4k@edu.com,Portugal,No,Femenino,Soltero,No,No,No
hhemphrey4l,qex97>,Heinrik Hemphrey,hhemphrey4l@edu.com,Portugal,No,Femenino,Soltero,No,Si,No
ssimonazzi4m,kpu73#6rQb,Stefania Simonazzi,ssimonazzi4m@edu.com,Portugal,No,Femenino,Viudo,Si,No,No
acaseley4n,dhs34)wKv7,Andie Caseley,acaseley4n@edu.com,Portugal,No,Femenino,Soltero,No,No,No
thicks4o,ymd66XKm>t,Tammy Hicks,thicks4o@edu.com,Portugal,No,Femenino,Soltero,No,No,No
tstreatley4p,rmk84~vGX{,Tucker Streatley,tstreatley4p@edu.com,Portugal,No,Femenino,Soltero,No,No,Si
hghelerdini4q,qwj44uQc*O,Hobie Ghelerdini,hghelerdini4q@edu.com,Portugal,No,Femenino,Soltero,No,No,Si
brusse4r,knx31V,Bruno Russe,brusse4r@edu.com,Portugal,No,Femenino,Soltero,No,No,No
lheugh4s,fhi27{=C#,Letitia Heugh,lheugh4s@edu.com,Portugal,No,Femenino,Soltero,No,No,Si
wtremellier4t,rsy85~.8,Warden Tremellier,wtremellier4t@edu.com,Portugal,No,Femenino,Soltero,No,No,No
jrosenqvist4u,tfz11Zd1io,Joni Rosenqvist,jrosenqvist4u@edu.com,Portugal,No,Femenino,Soltero,Si,No,Si
sbladon4v,yet26TWQ,Sherilyn Bladon,sbladon4v@edu.com,Portugal,No,Femenino,Soltero,No,Si,Si
dsames4w,kiv16,Doro Sames,dsames4w@edu.com,Portugal,No,Femenino,Soltero,No,No,No
agallaway4x,bvs98,Aurthur Gallaway,agallaway4x@edu.com,Portugal,No,Femenino,Soltero,No,No,Si
jfold4y,vht85#0SVb,Jermaine Fold,jfold4y@edu.com,Portugal,No,Femenino,Soltero,No,No,Si
abaccas4z,gub42,Aime Baccas,abaccas4z@edu.com,Portugal,No,Femenino,Soltero,No,No,No
sferrino50,"cwd02A,zk",Seamus Ferrino,sferrino50@edu.com,Portugal,No,Femenino,Soltero,No,No,Si
hveivers51,rgw58m`1,Homer Veivers,hveivers51@edu.com,Portugal,No,Femenino,Soltero,No,Si,No
tfellibrand52,xjg78i,Teddi Fellibrand,tfellibrand52@edu.com,Portugal,No,Femenino,Soltero,Si,No,No
achalfain53,wbs81Avu=!,Anastassia Chalfain,achalfain53@edu.com,Portugal,No,Femenino,Soltero,No,No,Si
mpetronis54,xfa02EL+,Maxine Petronis,mpetronis54@edu.com,Portugal,No,Femenino,Soltero,No,No,No
tpurchall55,fjw02?G!k0,Trudey Purchall,tpurchall55@edu.com,Portugal,No,Femenino,Soltero,Si,No,Si
kchoffin56,sqv67ps,Kayla Choffin,kchoffin56@edu.com,Portugal,No,Femenino,Soltero,Si,No,No
rgallear57,ogh35,Rik Gallear,rgallear57@edu.com,Portugal,No,Femenino,Soltero,No,Si,Si
mmactimpany58,qyd44,Meggy MacTimpany,mmactimpany58@edu.com,Portugal,No,Femenino,Soltero,No,No,Si
tcallander59,vni36.,Terencio Callander,tcallander59@edu.com,Portugal,No,Femenino,Soltero,No,No,Si
fcrier5a,trz01F,Faydra Crier,fcrier5a@edu.com,Portugal,No,Femenino,Soltero,No,Si,No
sritchings5b,rgn74,Shaina Ritchings,sritchings5b@edu.com,Portugal,No,Femenino,Soltero,No,No,No
cconrart5c,hbu79K,Carol Conrart,cconrart5c@edu.com,Portugal,No,Femenino,Soltero,No,No,Si
nsherwill5d,gsj58T`,Nanni Sherwill,nsherwill5d@edu.com,Portugal,No,Femenino,Soltero,No,No,No
tfilshin5e,ezu56|iS,Teodoro Filshin,tfilshin5e@edu.com,Portugal,No,Femenino,Soltero,No,No,Si
cbrazenor5f,wic55MH,Cos Brazenor,cbrazenor5f@edu.com,Portugal,No,Femenino,Soltero,No,No,Si
mbaulch5g,pbj28B,Myriam Baulch,mbaulch5g@edu.com,Portugal,No,Femenino,Soltero,No,No,Si
afloyde5h,ldm55c7s,Alvy Floyde,afloyde5h@edu.com,Portugal,No,Femenino,Soltero,No,No,No
cskeffington5i,sxj2911c,Clevey Skeffington,cskeffington5i@edu.com,Portugal,No,Femenino,Soltero,No,No,No
kdimic5j,khp53',Kristen Dimic,kdimic5j@edu.com,Portugal,No,Femenino,Soltero,No,No,No
tmagauran5k,svd84,Tyson Magauran,tmagauran5k@edu.com,Portugal,No,Femenino,Soltero,No,No,Si
aiacopetti5l,pjl14,Asa Iacopetti,aiacopetti5l@edu.com,Portugal,No,Femenino,Soltero,No,No,Si
rbarkshire5m,"oav22""a",Robby Barkshire,rbarkshire5m@edu.com,Portugal,No,Femenino,Soltero,No,No,Si
mbuckthorpe5n,fzf49<#>,Muffin Buckthorpe,mbuckthorpe5n@edu.com,Portugal,No,Femenino,Soltero,Si,No,No
rgoby5o,pzy73Cxt,Rock Goby,rgoby5o@edu.com,Portugal,No,Femenino,Soltero,No,Si,No
setock5p,gfi80),Sondra Etock,setock5p@edu.com,Portugal,No,Femenino,Soltero,No,No,Si
gchesnut5q,ncf10v,Gwendolin Chesnut,gchesnut5q@edu.com,Portugal,No,Femenino,Soltero,No,No,Si
bfreire5r,fkl20,Benedicto Freire,bfreire5r@edu.com,Portugal,No,Femenino,Soltero,No,Si,Si
fechalier5s,bgd918L5,Floris Echalier,fechalier5s@edu.com,Portugal,No,Femenino,Soltero,No,No,Si
oduferie5t,fcf46bo,Onofredo Duferie,oduferie5t@edu.com,Portugal,No,Femenino,Soltero,No,Si,No
bonslow5u,alj35(s@,Bealle Onslow,bonslow5u@edu.com,Portugal,No,Femenino,Soltero,No,Si,Si
deversley5v,"sly75,N",Dee Eversley,deversley5v@edu.com,Portugal,No,Femenino,Soltero,No,Si,No
dlennox5w,vra36x@{!C,D'arcy Lennox,dlennox5w@edu.com,Portugal,No,Femenino,Soltero,No,Si,Si
tpelosi5x,wbt61FPs)#,Tab Pelosi,tpelosi5x@edu.com,Portugal,No,Femenino,Soltero,No,Si,No
mdytham5y,bnd42,Mechelle Dytham,mdytham5y@edu.com,Portugal,No,Femenino,Soltero,No,No,No
hroskell5z,fpw57v/aj,Heywood Roskell,hroskell5z@edu.com,Portugal,No,Femenino,Soltero,No,No,No
ilemm60,xkp41{,Irvine Lemm,ilemm60@edu.com,Portugal,No,Femenino,Soltero,No,Si,Si
dhallums61,ubo89uN,Davis Hallums,dhallums61@edu.com,Portugal,No,Femenino,Soltero,No,No,Si
geastlake62,nad73,Guido Eastlake,geastlake62@edu.com,Portugal,No,Femenino,Soltero,No,Si,No
santonioni63,ovy48d~*tq,Spenser Antonioni,santonioni63@edu.com,Portugal,No,Femenino,Soltero,No,No,No
pmacqueen64,sah063!b.K,Price MacQueen,pmacqueen64@edu.com,Portugal,No,Femenino,Soltero,No,Si,No
trollin65,xml83Cr,Tove Rollin,trollin65@edu.com,Portugal,Si,Femenino,Casado,No,Si,No
cbourthoumieux66,lth81NY,Chrissy Bourthoumieux,cbourthoumieux66@edu.com,Portugal,No,Femenino,Soltero,No,No,Si
scunningham67,"xgh841""5z",Susi Cunningham,scunningham67@edu.com,Portugal,No,Femenino,Soltero,No,Si,No
cthom68,dsf50s_cP,Cherish Thom,cthom68@edu.com,Portugal,No,Femenino,Soltero,No,Si,Si
cpero69,qwd40O#usl,Carissa Pero,cpero69@edu.com,Portugal,No,Femenino,Casado,No,No,No
tsanz6a,kuh72Q'gB,Tait Sanz,tsanz6a@edu.com,Portugal,No,Femenino,Casado,No,No,No
kzamorrano6b,rpe46YHO5q,Kalila Zamorrano,kzamorrano6b@edu.com,Portugal,No,Femenino,Soltero,No,Si,No
vdufer6c,mrl84b$ZCV,Valentine Dufer,vdufer6c@edu.com,Portugal,No,Femenino,Soltero,No,No,Si
icripin6d,zfq29Oq#=&,Inglebert Cripin,icripin6d@edu.com,Portugal,No,Femenino,Soltero,No,Si,Si
rburgoyne6e,ena97f}!sU,Rochette Burgoyne,rburgoyne6e@edu.com,Portugal,No,Femenino,Soltero,No,No,Si
jbram6f,fbj82t\<(,Joline Bram,jbram6f@edu.com,Portugal,No,Femenino,Soltero,No,No,No
aalgore6g,sus64,Ardis Algore,aalgore6g@edu.com,Portugal,No,Femenino,Soltero,No,No,No
tclancey6h,evs38&7v,Tessi Clancey,tclancey6h@edu.com,Portugal,No,Femenino,Soltero,No,Si,No
kkobiera6i,mog5052/,Keslie Kobiera,kkobiera6i@edu.com,Portugal,No,Femenino,Soltero,No,No,No
wmorris6j,pkv86V,Wilbert Morris,wmorris6j@edu.com,Portugal,No,Femenino,Soltero,No,Si,No
randriessen6k,zcr34`o9G,Rickert Andriessen,randriessen6k@edu.com,Portugal,No,Femenino,Soltero,No,Si,No
zdrewry6l,ufb31Ybf,Zebadiah Drewry,zdrewry6l@edu.com,Portugal,Si,Femenino,Soltero,No,Si,No
rpovall6m,fqd37|\M,Ronalda Povall,rpovall6m@edu.com,Portugal,No,Femenino,Soltero,No,No,Si
cchristin6n,iwp576=y,Carr Christin,cchristin6n@edu.com,Portugal,No,Femenino,Soltero,Si,No,No
asyddall6o,jvz04T.,Annabela Syddall,asyddall6o@edu.com,Portugal,No,Femenino,Soltero,No,No,Si
ydocker6p,azk64i2M#,Yasmin Docker,ydocker6p@edu.com,Portugal,No,Femenino,Soltero,No,No,Si
airemonger6q,ybl534S(,Aeriel Iremonger,airemonger6q@edu.com,Portugal,No,Femenino,Soltero,No,Si,Si
nphilipson6r,fgb805p4P9,Noe Philipson,nphilipson6r@edu.com,Portugal,No,Femenino,Soltero,No,No,No
vmasey6s,fvc24uJg+,Verile Masey,vmasey6s@edu.com,Portugal,No,Femenino,Soltero,No,Si,No
dbattle6t,znv57,Daphna Battle,dbattle6t@edu.com,Portugal,No,Femenino,Soltero,No,No,No
rpegram6u,wxt64(O8,Rozele Pegram,rpegram6u@edu.com,Portugal,No,Femenino,Soltero,No,Si,Si
nwyke6v,cwv34cZ,Natty Wyke,nwyke6v@edu.com,Portugal,No,Femenino,Soltero,Si,No,No
rdimmack6w,etu49&Q,Raquela Dimmack,rdimmack6w@edu.com,Portugal,No,Femenino,Soltero,No,No,Si
bskerman6x,vbw98ucnp*,Baron Skerman,bskerman6x@edu.com,Portugal,No,Femenino,Soltero,No,Si,Si
caburrow6y,saa16F,Corbie Aburrow,caburrow6y@edu.com,Portugal,No,Femenino,Soltero,No,No,Si
nmccourt6z,ydy73eJ,Ninnette McCourt,nmccourt6z@edu.com,Portugal,No,Femenino,Soltero,No,Si,Si
rmathivat70,zla64@P(,Rhody Mathivat,rmathivat70@edu.com,Portugal,No,Femenino,Soltero,No,No,No
bfolk71,"fnl32mP""T<",Barby Folk,bfolk71@edu.com,Portugal,No,Femenino,Soltero,No,No,Si
jhaggleton72,jqu41,Jill Haggleton,jhaggleton72@edu.com,Portugal,No,Femenino,Soltero,No,No,No
vpine73,wyn01!8e},Veradis Pine,vpine73@edu.com,Portugal,No,Femenino,Casado,Si,Si,Si
lkunisch74,ggw00,Lindy Kunisch,lkunisch74@edu.com,Portugal,No,Femenino,Soltero,No,No,No
dmatthis75,jld26(\5>i,Demetra Matthis,dmatthis75@edu.com,Portugal,No,Femenino,Soltero,No,No,No
gunger76,znb49${5p,Gawen Unger,gunger76@edu.com,Portugal,No,Femenino,Soltero,No,Si,Si
jhamlen77,mcv70B={Z,Judye Hamlen,jhamlen77@edu.com,Portugal,No,Femenino,Soltero,Si,No,Si
aberard78,eto76#aPr,Amye Berard,aberard78@edu.com,Portugal,No,Femenino,Soltero,No,Si,No
rclaxson79,hyi57,Ros Claxson,rclaxson79@edu.com,Portugal,No,Femenino,Soltero,No,No,No
vfealty7a,tug39xZ),Vickie Fealty,vfealty7a@edu.com,Portugal,No,Femenino,Soltero,Si,No,No
cklouz7b,fav34z9,Christophorus Klouz,cklouz7b@edu.com,Portugal,No,Femenino,Soltero,No,No,No
kjoontjes7c,lji83o,Klemens Joontjes,kjoontjes7c@edu.com,Portugal,No,Femenino,Soltero,No,No,No
ltams7d,nzc43,Langston Tams,ltams7d@edu.com,Portugal,No,Femenino,Soltero,No,No,Si
rbucktrout7e,jue72raVGT,Rodie Bucktrout,rbucktrout7e@edu.com,Portugal,No,Femenino,Soltero,No,No,Si
ghincks7f,fqr43uN,Gina Hincks,ghincks7f@edu.com,Portugal,No,Femenino,Soltero,No,Si,Si
gellicombe7g,sav05s,Genny Ellicombe,gellicombe7g@edu.com,Portugal,No,Femenino,Soltero,No,Si,Si
mweetch7h,onr535K(,Mariele Weetch,mweetch7h@edu.com,Portugal,No,Femenino,Soltero,No,Si,No
csiemandl7i,tbj60oI&D,Colet Siemandl,csiemandl7i@edu.com,Portugal,No,Femenino,Soltero,No,Si,No
ddust7j,ckz215,Danette Dust,ddust7j@edu.com,Portugal,No,Femenino,Soltero,No,No,Si
gromanski7k,gzy5070I,Gerhardt Romanski,gromanski7k@edu.com,Portugal,No,Femenino,Soltero,No,No,Si
mpaoli7l,rjq27v,Mercy Paoli,mpaoli7l@edu.com,Portugal,No,Femenino,Soltero,No,No,No
vlaker7m,hlt44m,Victoria Laker,vlaker7m@edu.com,Portugal,No,Femenino,Soltero,No,No,No
walderton7n,gzl99,Woody Alderton,walderton7n@edu.com,Portugal,No,Femenino,Soltero,No,No,Si
mcroux7o,kpr33EK,Mia Croux,mcroux7o@edu.com,Portugal,No,Femenino,Soltero,No,No,No
kdipple7p,xsb58CH,Kelli Dipple,kdipple7p@edu.com,Portugal,No,Femenino,Casado,Si,No,No
clambertini7q,typ12LX\Y,Cleo Lambertini,clambertini7q@edu.com,Portugal,No,Femenino,Soltero,No,Si,No
sgothrup7r,pnw87S,Sula Gothrup,sgothrup7r@edu.com,Portugal,No,Femenino,Soltero,No,Si,Si
piacobassi7s,vex501/y,Padraig Iacobassi,piacobassi7s@edu.com,Portugal,No,Femenino,Soltero,No,Si,Si
kgehrels7t,ewr83D,Kareem Gehrels,kgehrels7t@edu.com,Portugal,No,Femenino,Divorciado,No,Si,Si
cfountian7u,ulx08mR?,Caroline Fountian,cfountian7u@edu.com,Portugal,No,Femenino,Casado,No,No,No
lchalder7v,env90,Linda Chalder,lchalder7v@edu.com,Portugal,No,Femenino,Soltero,No,Si,No
mst7w,dvk69b,Midge St. Hill,mst7w@edu.com,Portugal,No,Femenino,Soltero,No,No,No
glelievre7x,uno51bsn?J,Gregg Lelievre,glelievre7x@edu.com,Portugal,No,Femenino,Casado,No,No,No
hudie7y,jtq89JWO,Hillel Udie,hudie7y@edu.com,Portugal,No,Femenino,Soltero,No,No,No
bsacaze7z,wjg953o>,Bone Sacaze,bsacaze7z@edu.com,Portugal,No,Femenino,Soltero,No,No,No
ktruckell80,muw79/_Uu,Kip Truckell,ktruckell80@edu.com,Portugal,No,Femenino,Soltero,No,Si,Si
hseldon81,ffi26*4vk,Harland Seldon,hseldon81@edu.com,Portugal,No,Femenino,Soltero,No,No,Si
nsibley82,sbm52HlL,Noe Sibley,nsibley82@edu.com,Portugal,No,Femenino,Soltero,No,No,Si
jwragg83,obo23w,Joye Wragg,jwragg83@edu.com,Portugal,No,Femenino,Soltero,Si,Si,No
acoveney84,cfu81v)&CN,Amos Coveney,acoveney84@edu.com,Portugal,No,Femenino,Soltero,No,No,No
sblacklock85,uob60D,Sashenka Blacklock,sblacklock85@edu.com,Portugal,No,Femenino,Soltero,No,Si,Si
jlemarie86,cqu80,Jodie Lemarie,jlemarie86@edu.com,Portugal,No,Femenino,Soltero,No,Si,Si
tivshin87,lsu211yt,Tamera Ivshin,tivshin87@edu.com,Portugal,No,Femenino,Casado,No,Si,No
efison88,dvc70X$,Emerson Fison,efison88@edu.com,Portugal,No,Femenino,Soltero,No,Si,Si
vwixey89,bfe18E@},Von Wixey,vwixey89@edu.com,Portugal,No,Femenino,Soltero,No,No,Si
tferronet8a,aui24GthKr,Thebault Ferronet,tferronet8a@edu.com,Portugal,No,Femenino,Soltero,No,No,Si
rstollman8b,aeq16TK,Rea Stollman,rstollman8b@edu.com,Portugal,No,Femenino,Soltero,No,No,No
hcotesford8c,env53IPSn,Hilda Cotesford,hcotesford8c@edu.com,Portugal,No,Femenino,Soltero,No,No,Si
dsommerling8d,avb58,Donal Sommerling,dsommerling8d@edu.com,Portugal,No,Femenino,Soltero,No,Si,Si
lferencowicz8e,npj63G,Liesa Ferencowicz,lferencowicz8e@edu.com,Portugal,No,Femenino,Soltero,No,Si,No
mrosenauer8f,chy88ZM/,Major Rosenauer,mrosenauer8f@edu.com,Portugal,No,Femenino,Soltero,Si,No,No
ccotterrill8g,tsk103tT/,Christin Cotterrill,ccotterrill8g@edu.com,Portugal,No,Femenino,Soltero,No,No,Si
sbende8h,gnw12*1jDC,Sheffy Bende,sbende8h@edu.com,Portugal,No,Femenino,Soltero,No,No,Si
aderl8i,hxh29SV\,Aldin Derl,aderl8i@edu.com,Portugal,No,Femenino,Soltero,No,No,Si
eglanister8j,zcl91Kx2V,Emiline Glanister,eglanister8j@edu.com,Portugal,No,Femenino,Soltero,No,No,Si
bvedenisov8k,tqx44onv3,Blondelle Vedenisov,bvedenisov8k@edu.com,Portugal,No,Femenino,Soltero,No,No,No
mcocklie8l,exy54,Marlo Cocklie,mcocklie8l@edu.com,Portugal,No,Femenino,Soltero,Si,No,Si
vsouthernwood8m,tkr597X%(,Valeria Southernwood,vsouthernwood8m@edu.com,Portugal,No,Femenino,Soltero,Si,No,No
mcastellone8n,lgw10M,Marthe Castellone,mcastellone8n@edu.com,Portugal,No,Femenino,Soltero,No,No,Si
lduiged8o,jxe66<_7Y1,Liesa Duiged,lduiged8o@edu.com,Portugal,No,Femenino,Soltero,No,Si,No
fcoche8p,mzn56fR(.H,Fallon Coche,fcoche8p@edu.com,Portugal,No,Femenino,Soltero,No,Si,Si
tbarnewille8q,tsi26x=,Trefor Barnewille,tbarnewille8q@edu.com,Portugal,No,Femenino,Soltero,No,No,No
btatlow8r,btx08R<?`,Binny Tatlow,btatlow8r@edu.com,Portugal,No,Femenino,Soltero,No,No,No
alouca8s,jvq46Q,Alessandro Louca,alouca8s@edu.com,Portugal,No,Femenino,Soltero,No,Si,Si
cvautrey8t,kjh38$,Colin Vautrey,cvautrey8t@edu.com,Portugal,No,Femenino,Soltero,No,No,No
haven8u,"qid43m,N{",Harv Aven,haven8u@edu.com,Portugal,No,Femenino,Soltero,No,Si,No
bclarey8v,"gum14B,d@",Balduin Clarey,bclarey8v@edu.com,Portugal,No,Femenino,Soltero,No,No,No
cbeston8w,rzv81&r,Colene Beston,cbeston8w@edu.com,Portugal,No,Femenino,Soltero,Si,No,No
balbasiny8x,fvt73${,Barry Albasiny,balbasiny8x@edu.com,Portugal,No,Femenino,Soltero,No,Si,Si
fdignam8y,tqz48u@I,Florella Dignam,fdignam8y@edu.com,Portugal,No,Femenino,Soltero,No,No,No
rjennery8z,fuh66=uB~,Rahal Jennery,rjennery8z@edu.com,Portugal,No,Femenino,Soltero,No,No,No
gbastie90,ygt885t?2O,Garfield Bastie,gbastie90@edu.com,Portugal,No,Femenino,Soltero,No,No,Si
bcholwell91,wjd50(q4,Bonita Cholwell,bcholwell91@edu.com,Portugal,No,Femenino,Soltero,No,No,Si
acrellin92,ddj62I,Avril Crellin,acrellin92@edu.com,Portugal,No,Femenino,Soltero,No,No,Si
schevalier93,qjj85ol}(,Shelton Chevalier,schevalier93@edu.com,Portugal,No,Femenino,Soltero,Si,No,No
abohea94,euc56I'~QE,Archaimbaud Bohea,abohea94@edu.com,Portugal,No,Femenino,Soltero,No,No,Si
flegion95,zgd97?,Fulvia Legion,flegion95@edu.com,Portugal,No,Femenino,Soltero,No,No,Si
ybilston96,giu14esQm,Yale Bilston,ybilston96@edu.com,Portugal,No,Femenino,Soltero,No,No,Si
eould97,qmv68<3,Em Ould,eould97@edu.com,Portugal,No,Femenino,Soltero,Si,No,No
tcookman98,vmo01p6,Tadeas Cookman,tcookman98@edu.com,Portugal,No,Femenino,Soltero,No,No,Si
mgrigoliis99,rvl75=fz<F,Malachi Grigoliis,mgrigoliis99@edu.com,Portugal,No,Femenino,Soltero,No,No,No
crysdale9a,jxi64S,Celestina Rysdale,crysdale9a@edu.com,Portugal,No,Femenino,Soltero,No,Si,Si
eoakwell9b,cgn84}T!m9,Emeline Oakwell,eoakwell9b@edu.com,Portugal,No,Femenino,Soltero,No,No,No
wdeppen9c,rjb13g,Wake Deppen,wdeppen9c@edu.com,Portugal,No,Femenino,Soltero,Si,No,No
jcleaver9d,xet06TgDeB,Jeannie Cleaver,jcleaver9d@edu.com,Portugal,No,Femenino,Soltero,No,Si,Si
smoody9e,yjr84t,Siegfried Moody,smoody9e@edu.com,Portugal,No,Femenino,Soltero,No,No,No
cstothard9f,lvm02=!,Charlena Stothard,cstothard9f@edu.com,Portugal,No,Femenino,Soltero,No,No,No
magglione9g,dop87T,Mel Agglione,magglione9g@edu.com,Portugal,No,Femenino,Soltero,No,No,Si
fstollmeier9h,ibs37Qn>,Florie Stollmeier,fstollmeier9h@edu.com,Portugal,No,Femenino,Soltero,No,No,Si
tballchin9i,utc44,Tisha Ballchin,tballchin9i@edu.com,Portugal,No,Femenino,Casado,No,No,Si
kgregorin9j,xna28L9wi8,Kassie Gregorin,kgregorin9j@edu.com,Portugal,No,Femenino,Soltero,No,No,No
cisaac9k,hpo95,Cristiano Isaac,cisaac9k@edu.com,Portugal,No,Femenino,Soltero,No,No,Si
htabour9l,stq69,Haydon Tabour,htabour9l@edu.com,Portugal,No,Femenino,Soltero,No,No,Si
shulks9m,ble98,Sam Hulks,shulks9m@edu.com,Portugal,No,Femenino,Soltero,No,No,No
raspray9n,zko04~S,Risa Aspray,raspray9n@edu.com,Portugal,No,Femenino,Divorciado,No,No,No
pkarpenya9o,cbt79=OW,Page Karpenya,pkarpenya9o@edu.com,Portugal,No,Femenino,Casado,No,No,No
tplayle9p,cpi98gk&XT,Tades Playle,tplayle9p@edu.com,Portugal,No,Femenino,Soltero,No,No,No
rrobison9q,eyy70g9,Raynard Robison,rrobison9q@edu.com,Portugal,No,Femenino,Soltero,No,No,Si
tlandal9r,jlq74e/XU,Thaddus Landal,tlandal9r@edu.com,Portugal,No,Femenino,Soltero,No,Si,No
gpatrick9s,csb66,Gweneth Patrick,gpatrick9s@edu.com,Portugal,No,Femenino,Soltero,No,No,Si
mudden9t,xyl335,Maura Udden,mudden9t@edu.com,Portugal,No,Femenino,Casado,Si,Si,No
ssennett9u,vro766j=RM,Shena Sennett,ssennett9u@edu.com,Portugal,No,Femenino,Soltero,Si,No,No
gcaslett9v,qtf27B.F&,Gerik Caslett,gcaslett9v@edu.com,Portugal,No,Femenino,Soltero,No,No,Si
tsmye9w,qgi12t,Tabbatha Smye,tsmye9w@edu.com,Portugal,No,Femenino,Soltero,No,No,No
bettery9x,bkm78@C,Barbee Ettery,bettery9x@edu.com,Portugal,No,Femenino,Soltero,No,No,No
dpischoff9y,spx18j=,Douglas Pischoff,dpischoff9y@edu.com,Portugal,No,Femenino,Soltero,Si,Si,No
rtewkesbury9z,pym33I~,Rollie Tewkesbury,rtewkesbury9z@edu.com,Portugal,No,Femenino,Soltero,No,No,No
bsnedkera0,fcs68Vfx,Bartholomeo Snedker,bsnedkera0@edu.com,Portugal,No,Femenino,Soltero,No,No,Si
ftitchena1,vfl91A5,Florette Titchen,ftitchena1@edu.com,Portugal,No,Femenino,Soltero,Si,No,No
ltowna2,rba08JaAZN,Luca Town,ltowna2@edu.com,Portugal,No,Femenino,Soltero,No,No,Si
dharlinga3,val33d>,Dwight Harling,dharlinga3@edu.com,Portugal,No,Femenino,Soltero,No,Si,Si
sdrohanea4,hgk86`ut,Sande Drohane,sdrohanea4@edu.com,Portugal,No,Femenino,Soltero,No,No,Si
aflorya5,sbp49y#,Artair Flory,aflorya5@edu.com,Portugal,No,Femenino,Soltero,No,Si,Si
srosielloa6,imo24/z,Seward Rosiello,srosielloa6@edu.com,Portugal,No,Femenino,Soltero,No,Si,Si
jvannonia7,"blf25F""iK",Johnnie Vannoni,jvannonia7@edu.com,Portugal,No,Femenino,Soltero,No,No,No
etitheridgea8,wdx34O10P,Ernestus Titheridge,etitheridgea8@edu.com,Portugal,No,Femenino,Soltero,No,Si,Si
pstatea9,pwx45KoY,Padgett State,pstatea9@edu.com,Portugal,No,Femenino,Soltero,No,No,Si
tbingellaa,noz70A,Tiertza Bingell,tbingellaa@edu.com,Portugal,No,Femenino,Casado,No,No,No
bdymondab,fzu77?E7,Brent Dymond,bdymondab@edu.com,Portugal,No,Femenino,Divorciado,No,Si,No
ohatherellac,mnh93,Odelia Hatherell,ohatherellac@edu.com,Portugal,No,Femenino,Soltero,No,Si,No
zscholcroftad,omp72*,Zelda Scholcroft,zscholcroftad@edu.com,Portugal,No,Femenino,Divorciado,No,No,No
mmatuskaae,bbj59(?CP,Marchall Matuska,mmatuskaae@edu.com,Portugal,No,Femenino,Casado,No,No,No
waxworthyaf,wdi70Cj,Wayland Axworthy,waxworthyaf@edu.com,Portugal,No,Femenino,Casado,Si,No,No
gsetteringtonag,cud14CQ)S1,Georas Setterington,gsetteringtonag@edu.com,Portugal,No,Femenino,Soltero,No,No,Si
djodrellecah,zpd40e#.,Dode Jodrellec,djodrellecah@edu.com,Portugal,No,Femenino,Soltero,No,Si,Si
kspearmanai,tqt92z(,Kelvin Spearman,kspearmanai@edu.com,Portugal,No,Femenino,Soltero,No,Si,Si
cduetscheaj,shg17a?Gx,Clea Duetsche,cduetscheaj@edu.com,Portugal,No,Femenino,Soltero,No,No,Si
edionisioak,rob06l%M,Esta Dionisio,edionisioak@edu.com,Portugal,No,Femenino,Divorciado,No,Si,No
jocalleranal,ymg80(X,Jareb O'Calleran,jocalleranal@edu.com,Portugal,No,Femenino,Soltero,No,No,No
aantonikovam,epw51y_,Abie Antonikov,aantonikovam@edu.com,Portugal,No,Femenino,Soltero,No,No,No
cyewmanan,yus25,Christian Yewman,cyewmanan@edu.com,Portugal,No,Femenino,Soltero,No,Si,No
dtewkesburyao,nsm50z,Danya Tewkesbury.,dtewkesburyao@edu.com,Portugal,No,Femenino,Soltero,No,No,No
gklesseap,bhd97kf,Goddard Klesse,gklesseap@edu.com,Portugal,No,Femenino,Soltero,No,No,No
mwollardaq,ney20,Marwin Wollard,mwollardaq@edu.com,Portugal,No,Femenino,Soltero,No,No,No
aheavensar,pxy846b_Z,Ashlen Heavens,aheavensar@edu.com,Portugal,No,Femenino,Soltero,No,No,No
kdisburyas,mmz69T,Kareem Disbury,kdisburyas@edu.com,Portugal,No,Femenino,Soltero,No,No,Si
sgordgeat,hyo00rv,Sidnee Gordge,sgordgeat@edu.com,Portugal,No,Femenino,Soltero,No,Si,No
mhemsteadau,sjp91sq,Melisande Hemstead,mhemsteadau@edu.com,Portugal,No,Femenino,Soltero,No,No,Si
rbolensav,buj93iT+r,Rayshell Bolens,rbolensav@edu.com,Portugal,Si,Femenino,Soltero,No,No,No
escullionaw,hup16p,Elyn Scullion,escullionaw@edu.com,Portugal,No,Femenino,Soltero,Si,No,Si
jhulburdax,nyq628j,Jorry Hulburd,jhulburdax@edu.com,Portugal,No,Femenino,Soltero,No,No,No
jmoodeyay,pns26_,Jule Moodey,jmoodeyay@edu.com,Portugal,No,Femenino,Soltero,No,No,No
wwalentaaz,bti90,Willie Walenta,wwalentaaz@edu.com,Portugal,No,Femenino,Soltero,No,Si,Si
gbainsb0,zkh06t+Lq,Gabbey Bains,gbainsb0@edu.com,Portugal,No,Femenino,Soltero,No,No,Si
tbenzieb1,mvy86.,Tawsha Benzie,tbenzieb1@edu.com,Portugal,No,Femenino,Soltero,No,Si,Si
eparzizekb2,fbf17E7WIR,Elfie Parzizek,eparzizekb2@edu.com,Portugal,No,Femenino,Soltero,Si,No,Si
thosierb3,"lfp02{c,+",Tara Hosier,thosierb3@edu.com,Portugal,No,Femenino,Soltero,No,No,Si
fsansb4,"xxs85lB,'",Farris Sans,fsansb4@edu.com,Portugal,No,Femenino,Soltero,No,Si,No
ethatchamb5,bkt93S`=D,Emmalynn Thatcham,ethatchamb5@edu.com,Portugal,No,Femenino,Soltero,No,No,Si
ccajklerb6,erz07jw`M,Clemence Cajkler,ccajklerb6@edu.com,Portugal,Si,Femenino,Soltero,No,No,Si
cmarthenb7,znd04,Casar Marthen,cmarthenb7@edu.com,Portugal,No,Femenino,Soltero,No,No,No
lmcgrahb8,qlj13((G,Lani McGrah,lmcgrahb8@edu.com,Portugal,No,Femenino,Soltero,No,No,Si
mdupoyb9,xqc19h,Myrvyn Dupoy,mdupoyb9@edu.com,Portugal,No,Femenino,Soltero,No,No,Si
tkneeboneba,rrd25P<aW,Tye Kneebone,tkneeboneba@edu.com,Portugal,No,Femenino,Soltero,No,No,Si
bmeachanbb,yxe33dTs#(,Bentley Meachan,bmeachanbb@edu.com,Portugal,No,Femenino,Soltero,No,No,No
gmagarrellbc,ciw87&0o,Glynn Magarrell,gmagarrellbc@edu.com,Portugal,No,Femenino,Soltero,No,No,No
rtroyesbd,hqa29U8a,Raimondo Troyes,rtroyesbd@edu.com,Portugal,No,Femenino,Divorciado,No,No,No
plernerbe,ldx97T2u4,Park Lerner,plernerbe@edu.com,Portugal,No,Femenino,Soltero,No,Si,Si
btripneybf,fow21bq,Bail Tripney,btripneybf@edu.com,Portugal,No,Femenino,Soltero,No,No,No
jmellmothbg,eng82,Johnny Mellmoth,jmellmothbg@edu.com,Portugal,No,Femenino,Soltero,No,No,Si
bgiorgiellibh,ssm52jj,Benedicta Giorgielli,bgiorgiellibh@edu.com,Portugal,No,Femenino,Soltero,No,No,No
kkeijserbi,zdf55FHQ2a,Karry Keijser,kkeijserbi@edu.com,Portugal,No,Femenino,Soltero,No,Si,Si
shatliffbj,xqh02UkvMp,Serena Hatliff,shatliffbj@edu.com,Portugal,No,Femenino,Soltero,No,No,No
fmcgeorgebk,"cqd56{""M",Francene McGeorge,fmcgeorgebk@edu.com,Portugal,No,Femenino,Soltero,No,No,Si
abodybl,nbn07L,Alicia Body,abodybl@edu.com,Portugal,No,Femenino,Soltero,No,No,Si
cbodenbm,xxu44fti`I,Carleen Boden,cbodenbm@edu.com,Portugal,No,Femenino,Soltero,No,Si,Si
lpaddonbn,ilq18uwk,Layla Paddon,lpaddonbn@edu.com,Portugal,No,Femenino,Soltero,No,No,No
zwilsteadbo,svz25=~w,Zebulon Wilstead,zwilsteadbo@edu.com,Portugal,No,Femenino,Soltero,No,Si,No
egallybp,lky13y~,Elle Gally,egallybp@edu.com,Portugal,No,Femenino,Soltero,No,No,No
ecominettibq,qwe68,Esdras Cominetti,ecominettibq@edu.com,Portugal,No,Femenino,Soltero,No,No,Si
ubittanybr,gdk25J5L,Uri Bittany,ubittanybr@edu.com,Portugal,No,Femenino,Soltero,No,No,Si
dbelonebs,wkz65+,Drusilla Belone,dbelonebs@edu.com,Portugal,No,Femenino,Soltero,No,No,Si
ccastelynbt,iyu22s>,Caitlin Castelyn,ccastelynbt@edu.com,Portugal,No,Femenino,Soltero,No,No,No
troccabu,zoc72pHT$#,Thorsten Rocca,troccabu@edu.com,Portugal,No,Femenino,Soltero,No,No,Si
mpionterbv,mit67,Manfred Pionter,mpionterbv@edu.com,Portugal,No,Femenino,Soltero,No,No,Si
mgabrielibw,ivt08G2m,Meggie Gabrieli,mgabrielibw@edu.com,Portugal,No,Femenino,Viudo,No,No,Si
lsemberbx,end38MG\LL,Lea Sember,lsemberbx@edu.com,Portugal,No,Femenino,Soltero,No,No,No
mcowgillby,ufi38c16,Marice Cowgill,mcowgillby@edu.com,Portugal,No,Femenino,Soltero,No,Si,Si
ahinkinsbz,owr23,Alexandre Hinkins,ahinkinsbz@edu.com,Portugal,No,Femenino,Soltero,No,Si,No
amallionc0,ltm34,Alfred Mallion,amallionc0@edu.com,Portugal,No,Femenino,Soltero,No,Si,Si
mridgwayc1,eet21a,Melitta Ridgway,mridgwayc1@edu.com,Portugal,No,Femenino,Soltero,No,Si,No
mgerreltc2,jal96peUDw,Mirabel Gerrelt,mgerreltc2@edu.com,Portugal,No,Femenino,Soltero,No,No,Si
bkendrickc3,wke39c&Ixc,Bartolomeo Kendrick,bkendrickc3@edu.com,Portugal,No,Femenino,Soltero,No,Si,Si
wtwaitsc4,igu14N}w,Whitney Twaits,wtwaitsc4@edu.com,Portugal,No,Femenino,Soltero,No,Si,No
strevarthenc5,pam446,Siward Trevarthen,strevarthenc5@edu.com,Portugal,No,Femenino,Soltero,No,Si,No
gmariyushkinc6,xnj318,Gaylord Mariyushkin,gmariyushkinc6@edu.com,Portugal,No,Femenino,Soltero,No,No,Si
aklimkiewichc7,inu78*`<9,Archibald Klimkiewich,aklimkiewichc7@edu.com,Portugal,No,Femenino,Casado,No,No,Si
jswalteridgec8,cgf3585%mi,Jozef Swalteridge,jswalteridgec8@edu.com,Portugal,No,Femenino,Soltero,No,No,No
agabbettc9,msc10}R,Abrahan Gabbett,agabbettc9@edu.com,Portugal,No,Femenino,Soltero,Si,No,Si
pkeenorca,bqo86W,Pietra Keenor,pkeenorca@edu.com,Portugal,No,Femenino,Soltero,No,No,Si
pkirvincb,aqe20qW8L,Patrice Kirvin,pkirvincb@edu.com,Portugal,No,Femenino,Soltero,No,Si,Si
gginnanecc,bab71>,Gisele Ginnane,gginnanecc@edu.com,Portugal,No,Femenino,Soltero,No,No,No
cmolecd,"rxn04W@""1",Che Mole,cmolecd@edu.com,Portugal,No,Femenino,Soltero,No,Si,Si
gmccartce,kqy03O)U,Gunther McCart,gmccartce@edu.com,Portugal,No,Femenino,Soltero,No,Si,No
pritchiecf,tuo47+,Pandora Ritchie,pritchiecf@edu.com,Portugal,No,Femenino,Soltero,No,No,Si
cclemencecg,tcl46NG,Carmelle Clemence,cclemencecg@edu.com,Portugal,No,Femenino,Soltero,No,No,Si
mscamalch,knd76j',Merle Scamal,mscamalch@edu.com,Portugal,No,Femenino,Soltero,No,Si,Si
hcockshotci,xrp82o,Helaina Cockshot,hcockshotci@edu.com,Portugal,No,Femenino,Soltero,No,No,Si
ccarlilecj,zlz93k$4)~,Courtney Carlile,ccarlilecj@edu.com,Portugal,No,Femenino,Soltero,No,Si,Si
jtaylorck,xsa424,Jdavie Taylor,jtaylorck@edu.com,Portugal,No,Femenino,Soltero,No,No,Si
aduckfieldcl,ezq16s@i,Alberik Duckfield,aduckfieldcl@edu.com,Portugal,No,Femenino,Soltero,No,No,No
umillcm,qzj87HjHw,Umeko Mill,umillcm@edu.com,Portugal,No,Femenino,Soltero,No,No,Si
fbarkesscn,"rrv13""A",Freeman Barkess,fbarkesscn@edu.com,Portugal,No,Femenino,Casado,No,No,No
cpuckettco,jrq62L,Conrad Puckett,cpuckettco@edu.com,Portugal,No,Femenino,Soltero,No,No,No
achiverscp,rmv52_,Amara Chivers,achiverscp@edu.com,Portugal,No,Femenino,Soltero,No,No,No
wfonzocq,swi79V,Waiter Fonzo,wfonzocq@edu.com,Portugal,No,Femenino,Casado,No,No,Si
tgarmcr,buf23Jf(,Tomas Garm,tgarmcr@edu.com,Portugal,No,Femenino,Soltero,No,Si,No
mchapelhowcs,xgs04{My,Marjie Chapelhow,mchapelhowcs@edu.com,Portugal,No,Femenino,Soltero,No,No,Si
abrushneenct,ptz42,Adelaida Brushneen,abrushneenct@edu.com,Portugal,No,Femenino,Soltero,No,Si,No
dcinnamondcu,acd66,Dixie Cinnamond,dcinnamondcu@edu.com,Portugal,No,Femenino,Soltero,No,No,No
ghalpinecv,xac76z=,Gerty Halpine,ghalpinecv@edu.com,Portugal,No,Femenino,Soltero,Si,No,Si
kpysoncw,fkx87qu}P,Kathi Pyson,kpysoncw@edu.com,Portugal,No,Femenino,Soltero,No,No,No
smatejiccx,awd70sK,Sisely Matejic,smatejiccx@edu.com,Portugal,No,Femenino,Soltero,No,No,No
agellioncy,mpj68,Alden Gellion,agellioncy@edu.com,Portugal,No,Femenino,Soltero,No,No,Si
csaltmancz,zpr74@>\`,Coreen Saltman,csaltmancz@edu.com,Portugal,No,Femenino,Soltero,No,Si,No
fbackwelld0,fgi55,Ferd Backwell,fbackwelld0@edu.com,Portugal,No,Femenino,Soltero,No,Si,Si
vgoldend1,pgb96X9R0v,Vail Golden of Ireland,vgoldend1@edu.com,Portugal,No,Femenino,Soltero,No,Si,Si
calecockd2,kqz14r@\qi,Collie Alecock,calecockd2@edu.com,Portugal,No,Femenino,Soltero,No,Si,Si
sbeastalld3,htu08,Stacee Beastall,sbeastalld3@edu.com,Portugal,No,Femenino,Soltero,No,Si,No
fpracyd4,gnv50f,Fitz Pracy,fpracyd4@edu.com,Portugal,No,Femenino,Soltero,No,No,No
csissensd5,zip01dN<5',Candace Sissens,csissensd5@edu.com,Portugal,No,Femenino,Soltero,No,No,Si
bdumbletond6,wyx78&,Berte Dumbleton,bdumbletond6@edu.com,Portugal,No,Femenino,Soltero,No,No,Si
ccookd7,qtz30IM$R`,Chandra Cook,ccookd7@edu.com,Portugal,No,Femenino,Soltero,No,No,Si
jrowseld8,etf92z,Jasmin Rowsel,jrowseld8@edu.com,Portugal,No,Femenino,Soltero,No,No,Si
bgoodered9,quy644,Berkie Goodere,bgoodered9@edu.com,Portugal,No,Femenino,Soltero,No,No,No
ophilpinda,keu34,Onofredo Philpin,ophilpinda@edu.com,Portugal,Si,Femenino,Soltero,No,No,No
bstocksdb,xol74vs,Birgit Stocks,bstocksdb@edu.com,Portugal,No,Femenino,Soltero,No,Si,Si
kjirsadc,zbg163&c,Kilian Jirsa,kjirsadc@edu.com,Portugal,No,Femenino,Soltero,No,No,No
ugunnerdd,rug98Au$BD,Ulrikaumeko Gunner,ugunnerdd@edu.com,Portugal,No,Femenino,Soltero,No,Si,Si
bnutbeemde,nbz35=,Bastien Nutbeem,bnutbeemde@edu.com,Portugal,No,Femenino,Soltero,No,No,No
djeannotdf,"bwu35q""",Dita Jeannot,djeannotdf@edu.com,Portugal,No,Femenino,Soltero,No,No,No
dmatveichevdg,ntd75&a|l,Dene Matveichev,dmatveichevdg@edu.com,Portugal,No,Femenino,Soltero,No,Si,Si
ghaddydh,crv23%i2N,Gardiner Haddy,ghaddydh@edu.com,Portugal,No,Femenino,Soltero,No,Si,No
cmcgebenaydi,rrc52\,Celka McGebenay,cmcgebenaydi@edu.com,Portugal,No,Femenino,Soltero,No,No,Si
tmcreynoldsdj,wry26y,Theadora McReynolds,tmcreynoldsdj@edu.com,Portugal,No,Femenino,Soltero,No,No,No
cdurbyndk,dfh63CS'+K,Caterina Durbyn,cdurbyndk@edu.com,Portugal,No,Femenino,Soltero,No,Si,Si
zmesantdl,vom73#z.Zw,Zulema Mesant,zmesantdl@edu.com,Portugal,No,Femenino,Soltero,No,Si,Si
rsquirrelldm,kly33,Ranice Squirrell,rsquirrelldm@edu.com,Portugal,No,Femenino,Soltero,No,No,No
mhaimesdn,sbp04hZ,Michale Haimes,mhaimesdn@edu.com,Portugal,No,Femenino,Soltero,No,No,No
nblowendo,dde29,Nigel Blowen,nblowendo@edu.com,Portugal,No,Femenino,Soltero,No,No,Si
nkneaphseydp,jgg682,Nickie Kneaphsey,nkneaphseydp@edu.com,Portugal,No,Femenino,Soltero,Si,No,Si
vgrovedq,blh91,Vergil Grove,vgrovedq@edu.com,Portugal,Si,Femenino,Soltero,No,No,Si
ftomekdr,sgh67,Freddy Tomek,ftomekdr@edu.com,Portugal,No,Femenino,Soltero,Si,No,No
mprettymands,izn73N,Myrta Prettyman,mprettymands@edu.com,Portugal,No,Femenino,Soltero,No,No,No
bbussendt,dat63ah>O,Brittney Bussen,bbussendt@edu.com,Portugal,No,Femenino,Soltero,No,No,Si
hschreursdu,exi59FPxp,Holly-anne Schreurs,hschreursdu@edu.com,Portugal,No,Femenino,Soltero,No,No,No
neveleighdv,ipf47gm~k8,Nadine Eveleigh,neveleighdv@edu.com,Portugal,No,Femenino,Soltero,No,No,No
sdannelldw,zbj78pBz,Sophi Dannell,sdannelldw@edu.com,Portugal,No,Femenino,Soltero,No,No,Si
yayresdx,evp87Q,Yoshiko Ayres,yayresdx@edu.com,Portugal,No,Femenino,Soltero,No,No,Si
gganiforddy,jcr90T},Gisele Ganiford,gganiforddy@edu.com,Portugal,No,Femenino,Soltero,No,No,No
plohandz,wpv23sTNn8,Philbert Lohan,plohandz@edu.com,Portugal,No,Femenino,Soltero,No,No,No
jbuesnele0,qwo45@,Jock Buesnel,jbuesnele0@edu.com,Portugal,No,Femenino,Soltero,No,Si,Si
lbroome1,rah46Orm1#,Latia Broom,lbroome1@edu.com,Portugal,No,Femenino,Soltero,No,No,No
amuscate2,mvo12mYH@(,Aubry Muscat,amuscate2@edu.com,Portugal,No,Femenino,Soltero,No,No,No
lminicoe3,woc23a_KQ,Lidia Minico,lminicoe3@edu.com,Portugal,No,Femenino,Soltero,No,No,Si
mpellitte4,bbg23,Mike Pellitt,mpellitte4@edu.com,Portugal,No,Femenino,Soltero,No,No,No
jdaniellie5,php886,Jorey Danielli,jdaniellie5@edu.com,Portugal,Si,Femenino,Soltero,No,No,No
ahardwaree6,gpq60~5,Alistair Hardware,ahardwaree6@edu.com,Portugal,No,Femenino,Soltero,No,No,Si
dgrishmanove7,wvn45DopC,Dickie Grishmanov,dgrishmanove7@edu.com,Portugal,No,Femenino,Casado,No,No,No
smcmichelle8,ugh32,Sarajane McMichell,smcmichelle8@edu.com,Portugal,No,Femenino,Soltero,No,No,No
gmallinsone9,dkp44,Garwood Mallinson,gmallinsone9@edu.com,Portugal,No,Femenino,Soltero,No,No,No
gwoodworthea,ama03/,Garland Woodworth,gwoodworthea@edu.com,Portugal,No,Femenino,Casado,Si,No,No
bfelipeb,pin54m|a,Byrann felip,bfelipeb@edu.com,Portugal,No,Femenino,Casado,Si,No,No
bloyndonec,osb25r@fB,Brigid Loyndon,bloyndonec@edu.com,Portugal,No,Femenino,Casado,No,No,No
glievesleyed,qii61,Gelya Lievesley,glievesleyed@edu.com,Portugal,No,Femenino,Soltero,No,No,Si
lsorleyee,ekh20,Lani Sorley,lsorleyee@edu.com,Portugal,No,Femenino,Divorciado,No,No,No
emonteathef,jgu71D,Erda Monteath,emonteathef@edu.com,Portugal,No,Femenino,Soltero,No,No,Si
rskeeneg,tur44_,Rafferty Skeen,rskeeneg@edu.com,Portugal,No,Femenino,Soltero,No,Si,Si
svileseh,jkc96.k,Stephine Viles,svileseh@edu.com,Portugal,No,Femenino,Soltero,No,No,No
fdillingerei,kns89,Florance Dillinger,fdillingerei@edu.com,Santo Tomé y Principe,No,Femenino,Soltero,No,No,Si
rseckerej,ssr12)$eBt,Reinaldo Secker,rseckerej@edu.com,Ucrania,No,Femenino,Soltero,No,Si,Si
rembureyek,sct79NE,Rose Emburey,rembureyek@edu.com,Ucrania,No,Femenino,Soltero,No,No,Si
hmccahillel,vdu17II,Halley McCahill,hmccahillel@edu.com,Portugal,No,Masculino,Soltero,No,No,No
mminorsem,itn14,Mauricio Minors,mminorsem@edu.com,Portugal,No,Masculino,Soltero,No,No,Si
mshevlanen,izr96}.U,Moishe Shevlan,mshevlanen@edu.com,Portugal,No,Masculino,Soltero,No,No,Si
tpanketheo,hgm73#'zG,Tonnie Panketh,tpanketheo@edu.com,Portugal,No,Masculino,Soltero,Si,No,No
tsiggep,jbw90UgVm&,Timmy Sigg,tsiggep@edu.com,Portugal,No,Masculino,Soltero,Si,No,Si
mclearieeq,jly02.,Mathilde Clearie,mclearieeq@edu.com,Portugal,No,Masculino,Soltero,No,Si,No
lcleyneer,fqs965/+,Livia Cleyne,lcleyneer@edu.com,Portugal,No,Masculino,Soltero,No,No,Si
tcrowdyes,avj54+iz,Teodorico Crowdy,tcrowdyes@edu.com,Portugal,No,Masculino,Soltero,No,No,Si
lkarpeevet,qsn16,Linc Karpeev,lkarpeevet@edu.com,Portugal,No,Masculino,Soltero,Si,No,No
cswitsureu,wfa65,Cherey Switsur,cswitsureu@edu.com,Portugal,No,Masculino,Soltero,No,No,No
crussev,fgj05F,Clemens Russ,crussev@edu.com,Portugal,No,Masculino,Soltero,No,No,Si
msigwardew,qug150B%0,Morna Sigward,msigwardew@edu.com,Portugal,No,Masculino,Soltero,No,No,Si
gdeex,fam24u{!J,Gabriel De Lisle,gdeex@edu.com,Portugal,No,Masculino,Soltero,No,No,No
tkikkeey,knb612~D,Trixi Kikke,tkikkeey@edu.com,Portugal,No,Masculino,Soltero,No,No,Si
sferrucciez,jek26eZjgZ,Salvatore Ferrucci,sferrucciez@edu.com,Portugal,No,Masculino,Soltero,No,No,Si
kcaudellf0,bwl83U}7qs,Karol Caudell,kcaudellf0@edu.com,Portugal,No,Masculino,Soltero,No,No,No
fblakelockf1,rmo64`/uF,Feliks Blakelock,fblakelockf1@edu.com,Portugal,No,Masculino,Soltero,No,No,No
mdobellf2,qhy13num4>,Modestine Dobell,mdobellf2@edu.com,Portugal,No,Masculino,Soltero,No,Si,No
gdreigherf3,ubv88!$,Garvin Dreigher,gdreigherf3@edu.com,Portugal,No,Masculino,Soltero,No,Si,No
rpomroyf4,sku29,Rosanna Pomroy,rpomroyf4@edu.com,Portugal,No,Masculino,Soltero,No,Si,Si
fdonalsonf5,tev84U,Federica Donalson,fdonalsonf5@edu.com,Portugal,No,Masculino,Soltero,No,No,No
tupsalef6,iov25D`X,Travis Upsale,tupsalef6@edu.com,Portugal,No,Masculino,Soltero,No,No,No
amcavincheyf7,qnr92+,Annora McAvinchey,amcavincheyf7@edu.com,Portugal,No,Masculino,Soltero,Si,No,No
gpraterf8,yzg46`#|hu,Gwendolyn Prater,gpraterf8@edu.com,Portugal,No,Masculino,Soltero,No,No,No
dfreemantlef9,tdc98K_c'{,Dorene Freemantle,dfreemantlef9@edu.com,Portugal,No,Masculino,Soltero,No,No,Si
kfaughnanfa,rba26,Kayley Faughnan,kfaughnanfa@edu.com,Portugal,No,Masculino,Soltero,No,No,Si
dsmalingfb,xra82/3ht,Delainey Smaling,dsmalingfb@edu.com,Portugal,No,Masculino,Soltero,Si,No,Si
pkrusefc,"uda61Ji,Jr",Paulie Kruse,pkrusefc@edu.com,Portugal,No,Masculino,Soltero,Si,No,No
rpinnegarfd,gtq12~|y,Riley Pinnegar,rpinnegarfd@edu.com,Portugal,No,Masculino,Soltero,No,No,Si
msparkwillfe,hrz07,Mattias Sparkwill,msparkwillfe@edu.com,Portugal,No,Masculino,Soltero,No,No,No
cbwyff,soh08,Cale Bwy,cbwyff@edu.com,Portugal,No,Masculino,Soltero,No,No,No
rriordanfg,ixi65,Robb Riordan,rriordanfg@edu.com,Portugal,No,Masculino,Soltero,No,No,Si
mheathfieldfh,ctp99c,Minni Heathfield,mheathfieldfh@edu.com,Portugal,No,Masculino,Soltero,No,No,Si
jcumberbatchfi,xss93,Jay Cumberbatch,jcumberbatchfi@edu.com,Portugal,No,Masculino,Soltero,Si,No,Si
acollensfj,kpg09,Adora Collens,acollensfj@edu.com,Portugal,No,Masculino,Soltero,No,No,Si
esimakfk,cpm70,Ethyl Simak,esimakfk@edu.com,Portugal,No,Masculino,Soltero,No,No,No
sdebowfl,wea81oA,Sargent Debow,sdebowfl@edu.com,Portugal,No,Masculino,Soltero,No,No,Si
fturrifm,uwz09},Fionnula Turri,fturrifm@edu.com,Portugal,No,Masculino,Soltero,No,No,No
hladellfn,tnr70P,Helen Ladell,hladellfn@edu.com,Portugal,No,Masculino,Soltero,No,No,Si
avarrowfo,ica07h4S,Amity Varrow,avarrowfo@edu.com,Portugal,No,Masculino,Soltero,No,No,Si
slamballfp,zzi09z\OM,Sheridan Lamball,slamballfp@edu.com,Portugal,No,Masculino,Soltero,No,No,No
sattawellfq,uuu70,Stillman Attawell,sattawellfq@edu.com,Portugal,No,Masculino,Soltero,No,No,No
ksteljesfr,tgk44Ig%n,Knox Steljes,ksteljesfr@edu.com,Portugal,No,Masculino,Soltero,No,No,Si
mschottlifs,ika153Bo>,Mollee Schottli,mschottlifs@edu.com,Portugal,No,Masculino,Soltero,No,No,No
rbosomworthft,iio72'j'T{,Raymond Bosomworth,rbosomworthft@edu.com,Portugal,No,Masculino,Soltero,No,No,No
cmattekfu,sjh49)pb&9,Caesar Mattek,cmattekfu@edu.com,Portugal,No,Masculino,Soltero,No,No,No
gchecchetellifv,oic2488,Glenn Checchetelli,gchecchetellifv@edu.com,Portugal,No,Masculino,Soltero,No,No,Si
clangthornfw,mau294{F,Claudio Langthorn,clangthornfw@edu.com,Portugal,No,Masculino,Soltero,No,No,Si
csimeolifx,kds00jtdy,Consalve Simeoli,csimeolifx@edu.com,Portugal,No,Masculino,Soltero,No,No,No
pschimannfy,pcm126*Ec,Peg Schimann,pschimannfy@edu.com,Portugal,No,Masculino,Soltero,No,No,No
ccussinsfz,vjv54V,Collin Cussins,ccussinsfz@edu.com,Portugal,No,Masculino,Casado,No,No,Si
lfierrog0,sfy28,Lindi Fierro,lfierrog0@edu.com,Portugal,No,Masculino,Soltero,No,No,No
ljoseffg1,gao99d>c,Leopold Joseff,ljoseffg1@edu.com,Portugal,No,Femenino,Soltero,No,Si,Si
pnaccig2,ene99BQm7,Peggy Nacci,pnaccig2@edu.com,Portugal,No,Femenino,Casado,No,No,No
jmcentagartg3,qyh76E7,Jocelyne McEntagart,jmcentagartg3@edu.com,Portugal,No,Femenino,Soltero,No,No,Si
abatyg4,dvu36XDT,Aubine Baty,abatyg4@edu.com,Portugal,No,Femenino,Soltero,No,No,Si
wbarryg5,"hdt24_,C",Wallie Barry,wbarryg5@edu.com,Portugal,No,Femenino,Soltero,No,No,Si
hgreatbachg6,jkg587r5/,Helen-elizabeth Greatbach,hgreatbachg6@edu.com,Portugal,No,Femenino,Soltero,No,No,Si
awivellg7,yvg73,Addie Wivell,awivellg7@edu.com,Portugal,No,Femenino,Soltero,No,No,Si
ccoldtartg8,jtt910Uy,Carter Coldtart,ccoldtartg8@edu.com,Portugal,No,Femenino,Soltero,No,No,No
hreynerg9,"pth60uHJ""",Ham Reyner,hreynerg9@edu.com,Portugal,No,Femenino,Soltero,No,Si,No
tstovesga,"tvv75""",Thomasina Stoves,tstovesga@edu.com,Portugal,No,Femenino,Soltero,No,No,No
hgurwoodgb,"nqa32rgK%""",Hatti Gurwood,hgurwoodgb@edu.com,Portugal,No,Femenino,Soltero,No,Si,Si
esawneygc,bdu15umg?,Emmett Sawney,esawneygc@edu.com,Portugal,No,Femenino,Soltero,No,No,Si
awatersgd,wdf317,Augustine Waters,awatersgd@edu.com,Portugal,No,Femenino,Soltero,No,No,No
hmurrishge,mmm996W=E},Halimeda Murrish,hmurrishge@edu.com,Portugal,No,Femenino,Soltero,No,No,Si
mcastagnassogf,lso57,Marleen Castagnasso,mcastagnassogf@edu.com,Portugal,No,Femenino,Soltero,No,No,No
abutfieldgg,xnn947~vo,Alysia Butfield,abutfieldgg@edu.com,Portugal,No,Femenino,Soltero,No,Si,No
nvakhrushevgh,ves19{,Noe Vakhrushev,nvakhrushevgh@edu.com,Portugal,No,Femenino,Soltero,No,No,Si
idurbyngi,gyx82_w7g,Inez Durbyn,idurbyngi@edu.com,Portugal,No,Femenino,Soltero,Si,No,No
ceslergj,iwr93x,Corissa Esler,ceslergj@edu.com,Portugal,No,Femenino,Soltero,No,No,No
clamlingk,vbh44+rV,Candra Lamlin,clamlingk@edu.com,Portugal,No,Femenino,Soltero,No,Si,No
tfiddimangl,thc66ub,Tootsie Fiddiman,tfiddimangl@edu.com,Portugal,No,Femenino,Divorciado,Si,No,No
lpolgm,zke89,Loy Pol,lpolgm@edu.com,Portugal,Si,Femenino,Soltero,No,No,No
vclossgn,owg95,Vanessa Closs,vclossgn@edu.com,Portugal,No,Femenino,Soltero,No,No,Si
hlevesquego,hqv30Z},Henderson Levesque,hlevesquego@edu.com,Portugal,No,Femenino,Soltero,No,No,Si
bmintrimgp,qcq51,Burg Mintrim,bmintrimgp@edu.com,Portugal,No,Femenino,Soltero,Si,No,No
aeplategq,dxw50&+}.,Ardra Eplate,aeplategq@edu.com,Portugal,No,Femenino,Soltero,No,No,No
bflowittgr,"uup17""$P\j",Bonita Flowitt,bflowittgr@edu.com,Portugal,No,Femenino,Soltero,No,No,No
lmcewengs,nri79,Lyndy McEwen,lmcewengs@edu.com,Portugal,No,Femenino,Soltero,No,Si,No
yrochgt,dup34EQlNN,Yorgos Roch,yrochgt@edu.com,Portugal,No,Femenino,Soltero,No,No,Si
sclappertongu,zsl78Oo,Sheree Clapperton,sclappertongu@edu.com,Portugal,No,Femenino,Soltero,Si,Si,Si
mmaltbygv,ivx055,Meggie Maltby,mmaltbygv@edu.com,Portugal,No,Femenino,Soltero,No,Si,Si
vsandisongw,"akk99,",Vivi Sandison,vsandisongw@edu.com,Portugal,No,Femenino,Soltero,No,No,No
breapegx,ycc12n,Basilio Reape,breapegx@edu.com,Portugal,No,Femenino,Soltero,No,Si,Si
bhallstonegy,dnx65ZpG,Beaufort Hallstone,bhallstonegy@edu.com,Portugal,No,Femenino,Soltero,Si,Si,Si
gpengilleygz,csq63,Godfrey Pengilley,gpengilleygz@edu.com,Portugal,No,Femenino,Casado,No,No,Si
bgorsh0,vyq53,Bertie Gors,bgorsh0@edu.com,Portugal,No,Femenino,Soltero,No,No,Si
jhaydockh1,cfk52k.h,Jud Haydock,jhaydockh1@edu.com,Portugal,No,Femenino,Soltero,No,No,No
lmudgeh2,iog28,Lind Mudge,lmudgeh2@edu.com,Portugal,No,Femenino,Soltero,No,Si,Si
nnickollsh3,jas13t1g`,Noe Nickolls,nnickollsh3@edu.com,Portugal,No,Femenino,Soltero,No,Si,Si
fotterh4,vtb09o,Fletch Otter,fotterh4@edu.com,Portugal,No,Femenino,Soltero,No,Si,Si
jhuttonh5,okg74{GQ8P,Jamil Hutton,jhuttonh5@edu.com,Portugal,No,Femenino,Soltero,No,No,Si
icarlillh6,yrv27ngn,Ignazio Carlill,icarlillh6@edu.com,Portugal,No,Femenino,Soltero,No,Si,Si
cminellih7,rhy52&T{,Constantia Minelli,cminellih7@edu.com,Portugal,No,Femenino,Soltero,No,No,Si
ivasyaginh8,iat08UAra,Inger Vasyagin,ivasyaginh8@edu.com,Portugal,No,Femenino,Soltero,No,No,Si
dgraemeh9,vvk18YW=c,Donielle Graeme,dgraemeh9@edu.com,Portugal,No,Femenino,Soltero,No,No,Si
fswantonha,nhy27t,Faustina Swanton,fswantonha@edu.com,Portugal,No,Femenino,Soltero,No,No,Si
vmclucashb,qfz869S|9,Vaughn McLucas,vmclucashb@edu.com,Portugal,No,Femenino,Soltero,No,Si,Si
ophoebehc,jmq05Sx,Opal Phoebe,ophoebehc@edu.com,Portugal,No,Femenino,Soltero,No,Si,No
fmattackshd,zki955AS,Farah Mattacks,fmattackshd@edu.com,Portugal,No,Femenino,Soltero,No,No,Si
rgoodwinhe,gkd356_inL,Rikki Goodwin,rgoodwinhe@edu.com,Portugal,No,Femenino,Soltero,No,No,Si
shouldinhf,bxu100o)n,Sal Houldin,shouldinhf@edu.com,Portugal,No,Femenino,Soltero,No,No,Si
lseidehg,gmw97H%/s%,Llywellyn Seide,lseidehg@edu.com,Portugal,No,Femenino,Soltero,No,No,Si
ewalkingshawhh,uhy74%,Ermin Walkingshaw,ewalkingshawhh@edu.com,Portugal,Si,Femenino,Soltero,No,No,Si
nferrarottihi,smd19,Norah Ferrarotti,nferrarottihi@edu.com,Portugal,No,Femenino,Soltero,No,Si,No
lweatherdonhj,"xnx335\""~",Libbie Weatherdon,lweatherdonhj@edu.com,Portugal,No,Femenino,Soltero,No,No,Si
glanneyhk,zzr16iR'HB,Glynda Lanney,glanneyhk@edu.com,Portugal,No,Femenino,Soltero,No,Si,No
bslocumhl,zky48`,Branden Slocum,bslocumhl@edu.com,Portugal,No,Femenino,Soltero,Si,Si,No
alupartohm,gqp92TO+M,Aidan Luparto,alupartohm@edu.com,Portugal,No,Femenino,Soltero,No,Si,Si
bchristophehn,"tto19$,cr""",Bogey Christophe,bchristophehn@edu.com,Portugal,No,Femenino,Soltero,No,Si,Si
seasthamho,dbg69v`pyc,Smitty Eastham,seasthamho@edu.com,Portugal,No,Femenino,Soltero,No,Si,No
fshillaberhp,mzl939,Fergus Shillaber,fshillaberhp@edu.com,Portugal,No,Femenino,Soltero,No,No,No
wyakuntzovhq,hkh86~',Winnah Yakuntzov,wyakuntzovhq@edu.com,Portugal,No,Femenino,Soltero,No,No,No
bhastelowhr,mso11,Bert Hastelow,bhastelowhr@edu.com,Portugal,No,Femenino,Soltero,No,Si,No
mdrakeleyhs,uhd421K.<,Meg Drakeley,mdrakeleyhs@edu.com,Portugal,No,Femenino,Casado,Si,No,No
ttipladyht,ksk25Q@,Titus Tiplady,ttipladyht@edu.com,Portugal,No,Femenino,Soltero,No,No,No
bleatherlandhu,lel27%,Brice Leatherland,bleatherlandhu@edu.com,Portugal,No,Femenino,Soltero,No,No,Si
bjindrahv,jld27kd32,Bordy Jindra,bjindrahv@edu.com,Portugal,No,Femenino,Soltero,No,No,Si
spetherhw,gzt86WD,Sarene Pether,spetherhw@edu.com,Portugal,No,Femenino,Soltero,Si,No,Si
ttignerhx,heo62,Terencio Tigner,ttignerhx@edu.com,Portugal,No,Femenino,Soltero,No,Si,Si
cbyleshy,"sfk67,",Cesya Byles,cbyleshy@edu.com,Portugal,No,Femenino,Soltero,No,No,No
cfrantzenhz,mad92>R/,Case Frantzen,cfrantzenhz@edu.com,Portugal,No,Femenino,Casado,No,No,No
ddeguei0,vmu534&,Daveen Degue,ddeguei0@edu.com,Portugal,No,Femenino,Soltero,No,No,No
smccrofti1,hrp58,Sheri McCroft,smccrofti1@edu.com,Portugal,No,Femenino,Soltero,No,No,Si
mtolumelloi2,gij72Bch,Merrili Tolumello,mtolumelloi2@edu.com,Portugal,No,Femenino,Soltero,No,No,Si
abensusani3,mxy78#Nw*$,Alethea Bensusan,abensusani3@edu.com,Portugal,No,Femenino,Soltero,No,No,Si
durlingi4,oaz99@,Drucie Urling,durlingi4@edu.com,Portugal,No,Femenino,Soltero,No,No,No
dmacnairi5,clu10x*G,Dela MacNair,dmacnairi5@edu.com,Portugal,No,Femenino,Soltero,No,Si,Si
jhobgeni6,kva28zgCFi,Jacquenette Hobgen,jhobgeni6@edu.com,Portugal,No,Femenino,Soltero,No,No,No
mclicki7,erz60T!,Maje Click,mclicki7@edu.com,Portugal,No,Femenino,Soltero,Si,Si,Si
abrownsmithi8,ycw88!E,Adeline Brownsmith,abrownsmithi8@edu.com,Portugal,No,Femenino,Soltero,Si,No,No
sparmani9,gjw44Agy.,Starlene Parman,sparmani9@edu.com,Portugal,No,Femenino,Soltero,No,No,No
ptunesiia,inl25Pr,Patten Tunesi,ptunesiia@edu.com,Portugal,No,Femenino,Soltero,No,No,No
vgamlenib,nvl75,Vita Gamlen,vgamlenib@edu.com,Portugal,No,Femenino,Soltero,No,No,No
ddeic,"ymk48FmX,",Dolly de Tocqueville,ddeic@edu.com,Portugal,No,Femenino,Soltero,No,No,No
ksouthernid,tpd487H,Kinsley Southern,ksouthernid@edu.com,Portugal,No,Femenino,Soltero,No,No,Si
asowreyie,uob66s8,Addy Sowrey,asowreyie@edu.com,Portugal,No,Femenino,Soltero,No,No,Si
sbisetif,wai827V`O,Sari Biset,sbisetif@edu.com,Portugal,No,Femenino,Soltero,No,No,Si
ashafierig,ola44rJ,Ardenia Shafier,ashafierig@edu.com,Portugal,No,Masculino,Soltero,No,No,Si
jblewittih,igi31r'nn,Janessa Blewitt,jblewittih@edu.com,Dinamarca,No,Femenino,Soltero,No,Si,Si
psimekii,zhb52eC,Penelopa Simek,psimekii@edu.com,Portugal,No,Femenino,Soltero,Si,No,Si
gcudij,cnx81@M&,Glen Cud,gcudij@edu.com,Portugal,No,Femenino,Soltero,No,Si,Si
rpfaffeik,hnl67}i,Rahel Pfaffe,rpfaffeik@edu.com,Portugal,No,Femenino,Soltero,No,No,Si
kstrathearnil,gre46fK,Kirstin Strathearn,kstrathearnil@edu.com,Portugal,No,Femenino,Soltero,No,No,Si
vdumbletonim,brd75B,Vanny Dumbleton,vdumbletonim@edu.com,Portugal,No,Femenino,Soltero,No,Si,Si
pkilmisterin,dyr33YM6)t,Peg Kilmister,pkilmisterin@edu.com,Portugal,No,Femenino,Soltero,No,No,Si
aradouxio,ejf568Rl.,Aldo Radoux,aradouxio@edu.com,Portugal,No,Femenino,Soltero,No,Si,Si
dfootittip,eom74pi7HG,Dela Footitt,dfootittip@edu.com,Portugal,No,Femenino,Soltero,No,No,Si
vgonzaloiq,stq027,Veradis Gonzalo,vgonzaloiq@edu.com,Portugal,No,Femenino,Soltero,No,No,Si
achelsomir,nyx87Y9,Alonso Chelsom,achelsomir@edu.com,Portugal,No,Femenino,Soltero,No,No,Si
jdorracottis,kyd99'd|s,Julian Dorracott,jdorracottis@edu.com,Portugal,No,Femenino,Soltero,No,No,Si
mormondit,ssb39XItd,Matelda Ormond,mormondit@edu.com,Portugal,No,Femenino,Soltero,No,No,Si
jbeattieiu,pcl85lL,Jewel Beattie,jbeattieiu@edu.com,Portugal,No,Masculino,Casado,Si,No,No
kmilbourniv,nwn98A9%6,Kevina Milbourn,kmilbourniv@edu.com,Brasil,No,Femenino,Soltero,No,Si,Si
jmacpeiceiw,hzx46,Jodee MacPeice,jmacpeiceiw@edu.com,Brasil,No,Femenino,Soltero,No,No,Si
fjostix,kjg83fLU,Florenza Jost,fjostix@edu.com,Brasil,No,Femenino,Soltero,Si,Si,No
edilrewiy,mwe33cIy,Elisha Dilrew,edilrewiy@edu.com,Portugal,No,Femenino,Soltero,Si,Si,No
sransomeiz,"tbv00""7!",Steffane Ransome,sransomeiz@edu.com,Portugal,No,Femenino,Divorciado,No,No,No
nmingauldj0,off60,Neile Mingauld,nmingauldj0@edu.com,Portugal,No,Masculino,Divorciado,No,No,No
spomphreyj1,ovo40eL'yQ,Stanford Pomphrey,spomphreyj1@edu.com,Portugal,No,Masculino,Casado,No,No,No
dolennikovj2,qrr36(}{La,Dillon Olennikov,dolennikovj2@edu.com,Portugal,No,Masculino,Soltero,No,No,Si
eantoniouj3,eqn20p',Elfie Antoniou,eantoniouj3@edu.com,Portugal,No,Masculino,Soltero,No,No,Si
episcoj4,nsk62|\,Earle Pisco,episcoj4@edu.com,Portugal,No,Masculino,Viudo,No,No,No
fgraylingj5,amo010!,Forester Grayling,fgraylingj5@edu.com,Portugal,No,Masculino,Divorciado,Si,No,No
squartleyj6,ixt38#f,Sibylla Quartley,squartleyj6@edu.com,Portugal,No,Masculino,Divorciado,No,No,No
dmencej7,owi95E}fhR,Domingo Mence,dmencej7@edu.com,Portugal,No,Masculino,Casado,No,No,No
tcaressj8,pbl67d,Tara Caress,tcaressj8@edu.com,Portugal,No,Masculino,Soltero,No,No,No
atramelj9,mbv58gdj}2,Atalanta Tramel,atramelj9@edu.com,Brasil,No,Masculino,Soltero,Si,No,No
amceneryja,evp68A~s,Angele McEnery,amceneryja@edu.com,Portugal,No,Masculino,Casado,No,No,Si
rvedekhovjb,wol54~z7pW,Riva Vedekhov,rvedekhovjb@edu.com,Portugal,No,Masculino,Soltero,Si,No,Si
rscheffeljc,rkn45JejKf,Ruprecht Scheffel,rscheffeljc@edu.com,Portugal,No,Masculino,Casado,No,No,Si
rpierrojd,gba11z),Roxanne Pierro,rpierrojd@edu.com,Portugal,No,Masculino,Soltero,No,No,No
jdasje,kbi60P,Joana Das,jdasje@edu.com,Portugal,No,Masculino,Soltero,No,No,Si
slenchenkojf,yjx20)*,Sinclare Lenchenko,slenchenkojf@edu.com,Portugal,No,Masculino,Soltero,No,No,No
twastelljg,spq87,Tracie Wastell,twastelljg@edu.com,Portugal,No,Masculino,Soltero,No,No,No
lhambribejh,ybx90(?,Luce Hambribe,lhambribejh@edu.com,Portugal,No,Masculino,Casado,No,No,No
dgrattageji,dgw44u,Dallas Grattage,dgrattageji@edu.com,Portugal,No,Masculino,Soltero,No,No,Si
lcastellojj,czt06HwD'o,Lucias Castello,lcastellojj@edu.com,Portugal,No,Masculino,Casado,No,No,Si
llippijk,xko47%9f5,Lois Lippi,llippijk@edu.com,Portugal,No,Masculino,Soltero,No,No,No
lvonjl,nsc59,Lucas Von Welldun,lvonjl@edu.com,Portugal,No,Masculino,Union libre,No,Si,No
lservisjm,"ctc00C""x",Lorrie Servis,lservisjm@edu.com,Portugal,No,Masculino,Casado,No,No,No
btumayanjn,oxv11)(,Betteanne Tumayan,btumayanjn@edu.com,Portugal,No,Masculino,Casado,No,No,No
landriolijo,"zww314,)Q\",Lu Andrioli,landriolijo@edu.com,Portugal,No,Masculino,Casado,No,No,No
acrissiljp,zqs03*Ug.,Ase Crissil,acrissiljp@edu.com,Portugal,No,Masculino,Soltero,Si,No,No
cstandevenjq,zvx47kZ<T,Caprice Standeven,cstandevenjq@edu.com,Portugal,No,Masculino,Casado,No,No,Si
scolebyjr,djg67(,Sancho Coleby,scolebyjr@edu.com,Portugal,No,Masculino,Soltero,Si,No,No
vriccardijs,cky01T,Vin Riccardi,vriccardijs@edu.com,Portugal,No,Masculino,Casado,No,No,No
mbeeckxjt,jxx45GDZ\,Margalit Beeckx,mbeeckxjt@edu.com,Portugal,No,Masculino,Soltero,No,No,No
mtieraneyju,wdt97BUTBx,Marta Tieraney,mtieraneyju@edu.com,Portugal,No,Masculino,Casado,No,No,No
cleipeltjv,syk63FR,Celka Leipelt,cleipeltjv@edu.com,Portugal,No,Masculino,Soltero,No,No,No
ralessandruccijw,yeb40,Roda Alessandrucci,ralessandruccijw@edu.com,Portugal,No,Masculino,Soltero,No,No,No
amayburyjx,kbx62v.sH,Alecia Maybury,amayburyjx@edu.com,Portugal,No,Masculino,Divorciado,Si,No,No
bleachmanjy,cxv22,Blondy Leachman,bleachmanjy@edu.com,Portugal,No,Masculino,Casado,No,No,No
hbonessjz,cnw75tpXd,Humphrey Boness,hbonessjz@edu.com,Portugal,No,Masculino,Soltero,No,No,Si
bcordallk0,wjg20MGOq,Benetta Cordall,bcordallk0@edu.com,Portugal,No,Masculino,Soltero,Si,No,No
pladenk1,znv89Q2i,Priscella Laden,pladenk1@edu.com,Portugal,No,Masculino,Soltero,No,No,No
mmajuryk2,ldo23|,Maximo Majury,mmajuryk2@edu.com,Portugal,No,Masculino,Soltero,No,No,Si
ejanningsk3,"szu76B,j\+",Ettore Jannings,ejanningsk3@edu.com,Portugal,No,Masculino,Soltero,No,No,No
rgallichicciok4,ltp92kKx,Raleigh Gallichiccio,rgallichicciok4@edu.com,Portugal,No,Masculino,Soltero,No,No,No
cbrightiek5,ofj82B#rB,Chadwick Brightie,cbrightiek5@edu.com,Portugal,No,Masculino,Divorciado,No,No,No
awolfendenk6,daw82'V1b=,Averil Wolfenden,awolfendenk6@edu.com,Portugal,No,Masculino,Soltero,No,No,No
gslewcockk7,xkj03,Gweneth Slewcock,gslewcockk7@edu.com,Portugal,No,Masculino,Soltero,No,No,No
lbonsulk8,qfj18)tq#,Lynette Bonsul,lbonsulk8@edu.com,Brasil,No,Masculino,Soltero,No,No,Si
dbackk9,una83$met#,Darrell Back,dbackk9@edu.com,Portugal,No,Masculino,Soltero,No,No,Si
bgallicoka,knd99`,Bailey Gallico,bgallicoka@edu.com,Portugal,No,Masculino,Soltero,Si,Si,No
nchoppingkb,ofs09p`,Nertie Chopping,nchoppingkb@edu.com,Portugal,No,Masculino,Soltero,No,No,No
apowriekc,yne65,Aime Powrie,apowriekc@edu.com,Portugal,No,Masculino,Soltero,No,No,Si
kkinchleykd,"pso72""`",Karin Kinchley,kkinchleykd@edu.com,Portugal,No,Masculino,Casado,No,No,No
sbeevorke,leb6194{4H,Sofie Beevor,sbeevorke@edu.com,Portugal,No,Masculino,Divorciado,No,No,Si
gbengoecheakf,jaw26,Gregoire Bengoechea,gbengoecheakf@edu.com,Portugal,No,Masculino,Soltero,No,No,Si
dbaitmankg,aih70V,Dirk Baitman,dbaitmankg@edu.com,Portugal,No,Masculino,Soltero,No,No,No
vmichinkh,idk737T$',Vanni Michin,vmichinkh@edu.com,Portugal,No,Masculino,Soltero,No,No,Si
dkynderki,mnw51f98_,Daune Kynder,dkynderki@edu.com,Portugal,No,Masculino,Soltero,Si,No,Si
llockiekj,cqh24w},Lorna Lockie,llockiekj@edu.com,Portugal,No,Masculino,Soltero,No,No,Si
lbutfieldkk,zzd44O_o,Lorne Butfield,lbutfieldkk@edu.com,Portugal,No,Masculino,Soltero,No,No,Si
ctitfordkl,yen40aoN,Christie Titford,ctitfordkl@edu.com,Portugal,No,Masculino,Soltero,No,No,No
nrussekm,hob13uM,Niles Russe,nrussekm@edu.com,Portugal,No,Masculino,Soltero,No,No,Si
bsavorykn,mje22d,Blythe Savory,bsavorykn@edu.com,Portugal,No,Masculino,Soltero,No,No,No
mboakeko,imm02t8h,Muriel Boake,mboakeko@edu.com,Portugal,No,Masculino,Soltero,No,No,Si
echaperlinkp,sug2534,Enrique Chaperlin,echaperlinkp@edu.com,Portugal,No,Masculino,Casado,No,No,Si
fspentonkq,acy25RX~,Flore Spenton,fspentonkq@edu.com,Portugal,No,Masculino,Soltero,Si,No,Si
egasnollkr,ykt01271KF,Elle Gasnoll,egasnollkr@edu.com,Mozambique,No,Masculino,Soltero,No,No,Si
ctozerks,frs88wRuK\,Cordelia Tozer,ctozerks@edu.com,Portugal,No,Masculino,Soltero,No,No,Si
bshearmekt,mge92)E_D,Boote Shearme,bshearmekt@edu.com,Portugal,No,Femenino,Soltero,No,No,Si
jdorrinsku,rio081\nE,Jeffrey Dorrins,jdorrinsku@edu.com,Portugal,No,Femenino,Soltero,No,No,Si
kmillwaterkv,"zcu59(q,<",Katerina Millwater,kmillwaterkv@edu.com,Portugal,No,Femenino,Soltero,Si,Si,Si
sbachellierkw,yja83,Stephani Bachellier,sbachellierkw@edu.com,Portugal,No,Femenino,Soltero,No,Si,Si
cchildeskx,fll86#mVz,Clarke Childes,cchildeskx@edu.com,Portugal,No,Femenino,Casado,Si,No,No
epepperrallky,gqa63bQ|{,Eadith Pepperrall,epepperrallky@edu.com,Portugal,No,Masculino,Soltero,No,Si,Si
fbenekz,trr47|pQ,Fania Bene,fbenekz@edu.com,Portugal,No,Masculino,Soltero,Si,No,Si
jtolertonl0,qnc21dcU,Jaymie Tolerton,jtolertonl0@edu.com,Brasil,No,Masculino,Soltero,Si,No,No
pjarroldl1,rdv82H_v9,Pammie Jarrold,pjarroldl1@edu.com,Portugal,No,Masculino,Soltero,No,No,Si
snehlsl2,wir00,Sydney Nehls,snehlsl2@edu.com,Portugal,No,Masculino,Soltero,No,No,Si
kbottinellil3,oqx05}I'_s,Kellyann Bottinelli,kbottinellil3@edu.com,Portugal,No,Femenino,Casado,No,No,Si
jgarvaghl4,svp98,Joycelin Garvagh,jgarvaghl4@edu.com,Portugal,No,Masculino,Soltero,No,No,No
aprobettsl5,tfh420,Aridatha Probetts,aprobettsl5@edu.com,Portugal,No,Masculino,Soltero,No,No,Si
lgairdnerl6,vox235Q!BS,Lowe Gairdner,lgairdnerl6@edu.com,Portugal,No,Masculino,Casado,No,No,Si
dcromblehomel7,zvg21B3,Demetris Cromblehome,dcromblehomel7@edu.com,Angola,No,Masculino,Soltero,Si,No,No
ldummerl8,mfb99T=,Lenette Dummer,ldummerl8@edu.com,Portugal,No,Masculino,Casado,No,No,No
epettwoodl9,tsk12OZ_,Edin Pettwood,epettwoodl9@edu.com,Portugal,No,Masculino,Soltero,No,No,No
lshewonla,aps274Vk~D,Lennie Shewon,lshewonla@edu.com,Portugal,No,Femenino,Soltero,No,No,Si
aclistlb,hae55bMc$l,Aileen Clist,aclistlb@edu.com,Portugal,No,Femenino,Soltero,No,No,No
tsmaridgelc,uqf28aSTI,Theressa Smaridge,tsmaridgelc@edu.com,Portugal,No,Masculino,Casado,No,No,No
kfulepld,zlh59,Karin Fulep,kfulepld@edu.com,Portugal,No,Masculino,Soltero,No,No,Si
jkanzlerle,qld82gz08Q,Julietta Kanzler,jkanzlerle@edu.com,Portugal,No,Femenino,Soltero,No,Si,Si
hlindenbluthlf,hzs00yr*,Heloise Lindenbluth,hlindenbluthlf@edu.com,Portugal,No,Femenino,Soltero,No,No,Si
acorradolg,uhn33?ko,Aland Corrado,acorradolg@edu.com,Portugal,No,Femenino,Soltero,No,No,Si
kkobpallh,gic97@mkz,Kerry Kobpal,kkobpallh@edu.com,Portugal,No,Femenino,Soltero,No,No,Si
mstapelsli,syy30)t.C,Marie-ann Stapels,mstapelsli@edu.com,Portugal,No,Femenino,Soltero,No,No,Si
jbendelowlj,keu89kQ,Judie Bendelow,jbendelowlj@edu.com,Portugal,No,Femenino,Soltero,Si,No,Si
lstearnslk,rto938j==,Lawrence Stearns,lstearnslk@edu.com,Portugal,No,Femenino,Soltero,No,No,No
pabelsonll,ncg842!,Phil Abelson,pabelsonll@edu.com,Portugal,No,Femenino,Soltero,No,No,Si
dharbachlm,aze02gRjO_,Domingo Harbach,dharbachlm@edu.com,Portugal,No,Femenino,Soltero,No,No,No
ctumaln,zov33ClNHP,Cornell Tuma,ctumaln@edu.com,Portugal,No,Femenino,Soltero,No,Si,Si
troleslo,uwt71G@$,Tonya Roles,troleslo@edu.com,Portugal,No,Femenino,Soltero,No,Si,Si
gbrundilllp,ujc22vPq&,Geralda Brundill,gbrundilllp@edu.com,Portugal,No,Femenino,Soltero,Si,No,Si
ddrinkalelq,lag23,Darren Drinkale,ddrinkalelq@edu.com,Portugal,No,Femenino,Soltero,No,Si,No
rsalzberglr,cht26f,Ruth Salzberg,rsalzberglr@edu.com,Portugal,No,Femenino,Soltero,No,No,Si
rdamperls,jdf207K,Ryon Damper,rdamperls@edu.com,Portugal,No,Femenino,Soltero,No,Si,Si
lstuddardlt,meh55x,Lydie Studdard,lstuddardlt@edu.com,Portugal,No,Femenino,Soltero,No,No,Si
pasherlu,vyy21_<,Puff Asher,pasherlu@edu.com,Portugal,No,Femenino,Soltero,No,No,Si
gmclaelv,kcb06+>uVW,Griswold McLae,gmclaelv@edu.com,Portugal,No,Femenino,Soltero,No,No,No
nboylandlw,wcm84zuUN,Nadia Boyland,nboylandlw@edu.com,Portugal,No,Femenino,Soltero,Si,Si,No
hkieflx,itz39M0,Horacio Kief,hkieflx@edu.com,Portugal,No,Femenino,Soltero,No,Si,Si
dduguidly,xgy60,Dona Duguid,dduguidly@edu.com,Portugal,No,Femenino,Soltero,No,Si,No
lgamlynlz,epu47C`&,Linea Gamlyn,lgamlynlz@edu.com,Portugal,No,Masculino,Soltero,No,No,No
kjealm0,sux771d&Mx,Kesley Jeal,kjealm0@edu.com,Portugal,No,Femenino,Soltero,No,Si,No
mmichem1,bpn93kc{&,Merna Miche,mmichem1@edu.com,Portugal,No,Femenino,Soltero,No,No,Si
dfothergillm2,mfx02w<{q(,Dari Fothergill,dfothergillm2@edu.com,Portugal,No,Femenino,Soltero,No,Si,No
nnestorukm3,omb983SIMo,Neille Nestoruk,nnestorukm3@edu.com,Portugal,No,Femenino,Soltero,No,Si,Si
abrownscombem4,trs321WjW,Alys Brownscombe,abrownscombem4@edu.com,Portugal,No,Femenino,Soltero,No,No,Si
rwatkinsonm5,ndc10N,Ricki Watkinson,rwatkinsonm5@edu.com,Portugal,No,Femenino,Soltero,No,No,Si
ejaynem6,hna29x!,Ethelind Jayne,ejaynem6@edu.com,Portugal,No,Femenino,Soltero,No,Si,Si
dwestgatem7,gpy18oY,Darline Westgate,dwestgatem7@edu.com,Portugal,No,Femenino,Soltero,No,No,Si
